EWT,Watts
10.202,2057
8.452,2044.9
8.514,2412.3
9.452,2352.9
7.702,2488.2
9.889,2172.5
7.327,2116.4
7.827,2318.8
10.014,2291.3
10.077,2466.2
8.702,2315.5
8.327,2070.2
8.014,2363.9
8.952,2350.7
7.952,2387
8.264,2338.6
8.202,6837.6
7.764,2143.9
8.264,2163.7
8.702,2385.9
7.639,2404.6
8.014,2371.6
7.827,2300.1
7.639,2346.3
8.077,2184.6
8.077,2218.7
7.952,2346.3
8.077,2394.7
7.577,2103.2
5.827,2394.7
6.139,2251.7
7.077,2222
6.764,2129.6
8.764,2330.9
7.577,2366.1
7.827,2405.7
5.014,2671.9
6.139,2121.9
6.952,2123
5.952,2593.8
6.827,2438.7
7.389,2335.3
7.327,2336.4
7.389,2961.2
7.139,2439.8
7.827,2180.2
7.889,2365
7.452,2395.8
7.639,2060.3
8.139,2348.5
7.514,2028.4
7.389,2026.2
7.702,2130.7
7.389,2081.2
7.764,2393.6
6.827,2326.5
7.514,2240.7
8.452,2351.8
7.264,2552
7.014,2289.1
6.514,2521.2
7.139,2257.2
7.827,2351.8
7.139,2374.9
7.202,2446.4
7.452,2367.2
7.389,2481.6
7.452,2377.1
6.452,2461.8
5.952,7327.1
7.764,7150
7.327,2230.8
7.264,2168.1
7.827,2294.6
7.202,2323.2
8.014,2068
8.389,2046
5.452,1801.8
6.827,2385.9
6.889,2016.3
7.327,2066.9
7.202,2310
7.639,2028.4
7.077,1856.8
6.889,7284.2
7.264,2264.9
5.452,2185.7
6.639,1986.6
5.952,2148.3
5.389,2521.2
6.827,2115.3
6.577,2126.3
5.952,2481.6
5.827,2574
7.514,2299
6.889,2398
7.639,2242.9
6.764,2063.6
6.702,2293.5
7.139,2357.3
7.327,1868.9
6.827,2398
7.202,2008.6
6.702,2343
6.702,2418.9
6.639,2444.2
6.639,2471.7
7.452,2372.7
6.889,2380.4
7.327,2370.5
8.077,2410.1
7.327,2333.1
8.139,2024
6.327,2552
6.952,2425.5
8.202,2323.2
7.139,2302.3
7.327,1832.6
7.264,2468.4
7.514,1991
8.514,2319.9
7.327,2250.6
7.014,2418.9
7.014,2361.7
7.577,2186.8
7.702,2321
7.889,2497
7.764,2284.7
7.577,1878.8
7.702,2456.3
7.702,2308.9
7.514,2000.9
8.639,2293.5
7.452,2302.3
7.702,2334.2
7.452,2413.4
7.889,2316.6
7.014,2388.1
7.639,2479.4
7.702,2297.9
7.577,2240.7
7.639,1819.4
7.514,2288
7.577,2337.5
7.327,2322.1
7.764,2218.7
7.264,2367.2
7.639,2279.2
7.639,2446.4
8.327,2238.5
8.077,2363.9
7.264,2381.5
6.639,2481.6
7.577,2077.9
7.452,1948.1
8.077,2401.3
7.577,2372.7
7.014,2059.2
7.264,2378.2
7.452,2400.2
8.264,2014.1
8.327,2283.6
7.327,2285.8
7.514,2296.8
7.327,2339.7
7.452,2129.6
7.577,2041.6
7.077,2424.4
8.014,2203.3
7.264,2357.3
7.639,2336.4
8.014,2219.8
7.889,2272.6
8.577,7059.8
8.702,2019.6
8.077,2176.9
8.389,2095.5
8.889,2349.6
8.952,2081.2
9.514,2347.4
9.514,2204.4
9.764,1984.4
11.827,3121.8
9.264,2062.5
12.139,2841.3
11.639,2823.7
11.514,2819.3
11.577,2824.8
11.514,2808.3
11.639,2233
12.327,2247.3
13.077,2235.2
13.389,2252.8
13.889,2220.9
13.014,2223.1
12.827,2220.9
12.827,2224.2
12.889,2246.2
13.702,2235.2
12.702,2230.8
12.577,2242.9
12.702,2246.2
12.702,2247.3
12.764,2252.8
14.827,2246.2
12.952,2241.8
12.827,2249.5
12.827,2250.6
12.889,2257.2
12.889,2250.6
13.014,2215.4
12.389,2225.3
12.202,2236.3
12.264,2235.2
12.202,2233
12.827,2216.5
12.202,2215.4
12.014,2223.1
12.077,2224.2
12.077,2213.2
12.889,2204.4
12.077,2215.4
11.827,2211
11.889,2222
11.827,2214.3
15.139,2300.1
12.702,2223.1
11.952,2193.4
11.702,2195.6
11.764,2195.6
11.702,2198.9
13.452,2201.1
12.202,2207.7
12.014,2214.3
12.077,2213.2
15.827,2271.5
12.702,2828.1
11.952,2813.8
11.827,2816
11.889,2811.6
11.827,2227.5
11.952,2216.5
13.139,2269.3
13.764,2268.2
13.827,2279.2
13.952,2275.9
15.577,2294.6
13.327,2258.3
12.827,2244
12.827,2255
12.889,2262.7
15.264,2251.7
13.202,2236.3
12.764,2241.8
12.889,2250.6
12.952,2249.5
12.889,2257.2
13.889,2202.2
12.327,2172.5
11.889,2173.6
11.952,2175.8
11.827,2183.5
11.889,2185.7
12.389,2213.2
13.702,2227.5
13.639,2229.7
14.389,2211
12.889,2187.9
12.577,2192.3
12.639,2190.1
12.639,2209.9
12.702,2220.9
13.889,2207.7
13.264,2205.5
13.139,2226.4
13.202,2233
13.139,2238.5
13.202,2231.9
13.639,2263.8
14.327,2277
14.452,2283.6
14.514,2275.9
14.577,2272.6
14.639,2291.3
14.702,2290.2
14.889,2305.6
15.139,2316.6
16.139,2304.5
14.952,2310
14.827,2314.4
14.952,2326.5
14.952,2322.1
16.139,2275.9
13.639,2237.4
13.202,2236.3
13.202,2236.3
13.202,2244
14.139,2206.6
13.327,2218.7
13.389,2231.9
13.452,2244
13.452,2230.8
13.452,2262.7
13.764,2253.9
15.077,2247.3
13.827,2247.3
13.702,2249.5
13.702,2246.2
13.702,2258.3
13.764,2266
15.139,2277
14.077,2274.8
13.889,2268.2
13.952,2277
13.952,2281.4
13.952,2279.2
14.202,2297.9
16.764,2267.1
14.639,2257.2
14.139,2264.9
14.202,2267.1
14.264,2266
14.264,2275.9
14.264,2283.6
15.014,2324.3
17.014,2291.3
14.827,2286.9
14.389,2282.5
14.452,2294.6
14.452,2294.6
14.452,2302.3
14.577,2301.2
15.389,2340.8
16.889,2304.5
14.889,2281.4
14.514,2285.8
14.577,2288
14.577,2291.3
14.577,2284.7
14.702,2297.9
15.639,2334.2
16.514,2302.3
14.764,2286.9
14.514,2278.1
14.514,2292.4
14.577,2289.1
14.577,2299
14.827,2327.6
15.764,2355.1
15.764,2348.5
16.952,2315.5
14.889,2295.7
14.514,2291.3
14.514,2300.1
14.577,2303.4
14.577,2301.2
14.764,2317.7
15.827,2355.1
15.827,2354
16.077,2286.9
14.827,2286.9
14.639,2280.3
14.577,2292.4
14.639,2301.2
14.764,2304.5
15.139,2337.5
15.952,2359.5
15.889,2352.9
16.577,2305.6
15.077,2285.8
14.827,2275.9
14.827,2311.1
14.889,2283.6
15.014,2290.2
15.327,2330.9
16.139,2338.6
16.139,2325.4
16.139,2354
16.202,2302.3
15.202,2302.3
15.077,2295.7
15.077,2305.6
15.202,2323.2
15.264,2318.8
15.764,2358.4
16.327,2354
16.264,2354
16.514,2308.9
15.327,2304.5
15.077,2304.5
15.139,2313.3
15.202,2313.3
15.264,2321
15.702,2357.3
16.452,2363.9
16.389,2352.9
16.389,2358.4
18.202,2351.8
15.702,2315.5
15.264,2305.6
15.264,2314.4
15.327,2329.8
15.389,2323.2
15.514,2330.9
16.452,2382.6
16.577,2326.5
15.514,2308.9
15.327,2306.7
15.389,2311.1
15.389,2323.2
15.452,2321
15.952,2350.7
18.264,2319.9
15.952,2308.9
15.452,2296.8
15.514,2308.9
15.514,2316.6
15.452,2310
15.577,2321
16.452,2369.4
17.952,2340.8
15.889,2313.3
15.514,2313.3
15.514,2325.4
15.514,2317.7
15.514,2324.3
15.702,2338.6
16.577,2374.9
16.702,2317.7
15.702,2317.7
15.514,2330.9
15.452,2340.8
15.514,2337.5
15.139,2271.5
14.264,2273.7
14.202,2284.7
14.139,2282.5
14.139,2288
14.202,2292.4
15.139,2352.9
15.639,2350.7
15.639,2346.3
15.702,2354
15.702,2355.1
15.764,2357.3
17.827,2346.3
15.389,2318.8
14.952,2322.1
15.014,2329.8
15.014,2329.8
15.014,2336.4
15.077,2352.9
15.952,2392.5
16.639,2326.5
15.327,2328.7
15.139,2317.7
15.202,2324.3
15.202,2325.4
15.264,2329.8
15.639,2352.9
16.952,2314.4
15.202,2303.4
14.889,2311.1
14.889,2304.5
14.889,2308.9
14.889,2313.3
15.264,2337.5
16.077,2328.7
15.139,2316.6
14.952,2326.5
14.952,2315.5
14.952,2321
14.952,2335.3
17.327,2248.4
15.577,2304.5
15.014,2306.7
14.952,2294.6
14.952,2302.3
14.952,2300.1
15.014,2317.7
16.452,2323.2
15.139,2311.1
14.889,2313.3
14.952,2322.1
14.952,2321
15.014,2325.4
15.202,2333.1
17.139,2313.3
15.264,2305.6
14.827,2295.7
14.764,2314.4
14.827,2304.5
14.827,2305.6
14.889,894.3
16.077,2300.1
14.764,2299
14.514,2299
14.514,2300.1
14.577,2295.7
14.577,2308.9
15.139,2308.9
14.327,2301.2
14.139,2310
14.139,2310
14.139,2308.9
15.702,2277
14.014,2273.7
13.702,2275.9
13.639,2281.4
13.639,2284.7
16.139,2279.2
14.202,2290.2
13.577,2280.3
13.452,2279.2
13.452,2280.3
13.452,2277
15.952,2311.1
13.764,2268.2
13.389,2268.2
13.389,2263.8
13.389,2272.6
14.889,2249.5
13.514,2258.3
13.327,2261.6
13.327,2264.9
13.327,2261.6
16.514,2282.5
13.639,2228.6
12.827,2229.7
12.702,2230.8
12.702,2239.6
12.639,2234.1
15.702,1973.4
13.889,2262.7
12.952,2246.2
12.827,2251.7
12.889,2247.3
12.827,2255
15.639,2321
13.327,2269.3
12.952,2268.2
12.952,2272.6
12.952,2271.5
12.952,2270.4
13.014,2291.3
15.702,2233
13.952,2261.6
13.264,2263.8
13.202,2273.7
13.202,2266
13.202,2275.9
13.202,2278.1
14.077,2322.1
14.764,2271.5
13.514,2263.8
13.327,2277
13.327,2275.9
13.327,2275.9
13.327,2279.2
13.889,2310
16.452,2267.1
14.202,2249.5
13.514,2248.4
13.389,2248.4
13.452,2252.8
13.389,2260.5
13.452,2260.5
14.452,2312.2
15.264,2275.9
13.827,2269.3
13.577,2266
13.514,2272.6
13.577,2266
13.577,2275.9
14.014,2312.2
15.077,2293.5
13.952,2277
13.764,2288
13.764,2281.4
13.764,2280.3
13.764,2290.2
14.452,2333.1
17.264,2233
14.889,2277
13.952,2263.8
13.827,2282.5
13.827,2282.5
13.827,2284.7
13.889,2289.1
14.764,2332
16.639,2314.4
14.389,2267.1
13.952,2267.1
13.952,2277
13.952,2278.1
13.952,2282.5
16.202,2281.4
14.327,2273.7
13.952,2283.6
13.952,2285.8
13.952,2297.9
13.952,2293.5
14.827,2268.2
14.077,2273.7
13.952,2284.7
13.952,2289.1
13.952,2291.3
14.014,2296.8
14.202,2259.4
12.639,2233
12.264,2231.9
12.264,2236.3
12.202,2231.9
15.202,2235.2
12.764,2900.7
12.389,2894.1
12.389,2893
12.389,2886.4
12.389,2889.7
12.702,2272.6
14.077,2300.1
14.389,2286.9
14.514,2297.9
14.639,2302.3
15.139,2264.9
14.014,2260.5
13.827,2261.6
14.014,2275.9
14.014,2283.6
14.139,2281.4
14.764,2273.7
13.952,2258.3
13.702,2263.8
13.764,2288
13.827,2283.6
13.889,2282.5
15.577,2308.9
14.202,2267.1
13.952,2260.5
13.952,2285.8
14.014,2291.3
14.014,2280.3
14.139,2300.1
16.639,2299
14.014,2256.1
13.139,2255
13.014,2255
13.014,2259.4
12.952,2255
15.514,2860
12.702,2845.7
12.139,2839.1
12.139,2836.9
12.077,2836.9
12.077,2239.6
12.452,2259.4
14.014,2307.8
14.139,2307.8
14.202,2310
14.264,2307.8
16.577,2357.3
13.014,2867.7
12.202,2851.2
12.139,2849
12.077,2851.2
12.077,2843.5
12.202,2851.2
13.764,2924.9
14.202,2919.4
15.202,2269.3
13.764,2250.6
13.514,2249.5
13.514,2249.5
13.577,2237.4
13.764,2252.8
16.327,2185.7
13.702,2852.3
12.764,2844.6
12.577,2849
12.577,2222
12.577,2203.3
12.639,2215.4
13.702,2264.9
14.514,2280.3
16.702,2295.7
14.077,2251.7
13.202,2249.5
13.077,2255
13.077,2251.7
13.077,2246.2
14.827,2258.3
13.264,2244
13.139,2248.4
13.202,2256.1
13.202,2259.4
14.014,2242.9
12.952,2240.7
12.764,2250.6
12.764,2255
12.702,2245.1
14.889,2216.5
12.827,2208.8
12.389,2212.1
12.389,2217.6
12.264,2211
16.452,2275.9
13.264,2234.1
12.452,2213.2
12.264,2212.1
12.264,2215.4
12.264,2208.8
15.452,1971.2
13.577,2222
12.639,2215.4
12.452,2215.4
12.452,2222
12.389,2222
15.327,2226.4
13.389,2240.7
12.702,2234.1
12.702,2240.7
12.702,2241.8
12.702,2253.9
12.764,2252.8
15.827,2183.5
13.827,2229.7
13.077,2231.9
12.952,2241.8
13.014,2227.5
12.952,2231.9
13.014,2227.5
13.827,2272.6
15.514,2264.9
13.577,2225.3
15.889,2228.6
13.764,2228.6
12.952,2227.5
12.702,2234.1
12.702,2228.6
12.702,2236.3
14.702,2214.3
13.139,2197.8
12.827,2206.6
12.827,2213.2
12.827,2207.7
12.889,2212.1
13.202,2237.4
14.389,2280.3
14.452,2275.9
14.514,2267.1
14.577,2275.9
14.577,2290.2
14.952,2292.4
14.327,2285.8
14.389,2297.9
14.514,2301.2
14.577,2296.8
15.327,2927.1
14.014,2935.9
13.827,2929.3
13.827,2924.9
13.889,2932.6
13.889,2290.2
14.264,2292.4
15.327,2323.2
15.577,2326.5
15.702,2334.2
15.764,2334.2
16.202,2296.8
14.889,2278.1
14.702,2280.3
14.827,2296.8
14.889,2294.6
14.952,2290.2
15.327,2329.8
16.077,2343
15.952,2332
15.952,2337.5
16.827,2330.9
15.139,2307.8
14.889,2303.4
14.889,2300.1
15.014,2967.8
15.077,2990.9
15.327,3000.8
16.264,3031.6
16.139,2445.3
16.139,2377.1
16.202,2366.1
16.452,2393.6
16.702,2395.8
16.889,2396.9
17.264,2412.3
19.139,2358.4
16.452,2330.9
15.889,2326.5
15.889,2337.5
15.952,2346.3
15.952,2344.1
16.077,2351.8
16.952,2387
16.952,2379.3
16.889,2377.1
16.889,2388.1
17.514,2368.3
16.139,2362.8
15.889,2354
16.014,2368.3
16.077,2368.3
16.077,2367.2
16.389,2398
18.514,2290.2
16.577,2350.7
15.952,2348.5
15.889,2361.7
15.889,2367.2
15.952,2369.4
15.952,2370.5
16.639,2400.2
16.952,2402.4
18.639,2383.7
16.014,2349.6
15.514,2340.8
15.514,2352.9
15.514,2361.7
15.514,2366.1
15.702,2380.4
17.764,2362.8
15.702,2339.7
15.327,2335.3
15.264,2341.9
15.327,2350.7
15.264,2348.5
15.264,2279.2
14.827,2279.2
14.827,2285.8
14.827,2285.8
14.827,2300.1
15.327,2259.4
14.389,2263.8
14.202,2266
14.139,2263.8
14.202,2264.9
14.202,2267.1
15.889,2283.6
14.327,2273.7
14.014,2269.3
14.014,2272.6
14.014,2275.9
16.514,2230.8
14.327,2259.4
13.577,2260.5
13.389,2261.6
13.452,2266
13.389,2266
14.577,2261.6
13.452,2253.9
13.264,2261.6
13.264,2268.2
13.202,2259.4
15.514,2260.5
13.452,2240.7
13.139,2239.6
13.139,2241.8
13.139,2245.1
16.639,2300.1
13.264,2207.7
12.577,2212.1
12.514,2212.1
12.452,2213.2
14.327,2239.6
13.014,2241.8
12.764,2246.2
12.827,2258.3
12.764,2238.5
12.827,2249.5
13.264,2274.8
14.389,2303.4
16.702,2158.2
14.452,2252.8
13.452,2249.5
13.327,2264.9
13.327,2261.6
13.264,2272.6
13.327,2263.8
14.139,2321
15.389,2257.2
13.827,2255
13.577,2257.2
13.577,2259.4
13.577,2255
13.577,2268.2
14.077,2300.1
17.327,2334.2
14.702,2291.3
13.952,2288
13.827,2286.9
13.827,2294.6
13.827,2291.3
13.952,2291.3
14.889,2338.6
16.889,2316.6
14.577,2269.3
14.077,2279.2
14.077,2275.9
14.077,2280.3
14.077,2271.5
14.264,2296.8
17.327,2319.9
14.639,2269.3
14.077,2273.7
14.139,2283.6
14.077,2282.5
14.077,2295.7
14.202,2317.7
15.452,2358.4
15.702,2289.1
14.327,2280.3
14.077,2288
14.077,2301.2
14.077,2290.2
14.139,2295.7
14.764,2347.4
15.639,2359.5
17.764,2135.1
15.514,2315.5
14.389,2303.4
14.139,2307.8
14.202,2313.3
14.139,2311.1
14.264,2317.7
15.077,2363.9
17.639,2340.8
14.952,2288
14.327,2279.2
14.264,2290.2
14.264,2285.8
14.264,2286.9
15.827,2295.7
14.764,2286.9
14.514,2272.6
14.514,2283.6
14.577,2280.3
14.577,2289.1
14.764,2291.3
15.639,2315.5
15.764,2313.3
15.827,2315.5
15.889,2326.5
16.014,2327.6
16.014,2349.6
16.139,2355.1
16.452,2372.7
16.639,2379.3
16.702,2383.7
16.827,2383.7
16.327,2998.6
15.452,3001.9
15.389,3010.7
15.389,3005.2
15.452,2404.6
15.452,2358.4
16.389,2395.8
16.827,2399.1
16.952,2396.9
17.077,3091
17.139,3077.8
17.139,3070.1
16.952,3070.1
17.202,3087.7
17.452,2440.9
17.577,2420
17.764,2451.9
18.077,2456.3
19.889,2305.6
17.702,2405.7
17.139,2406.8
17.014,2399.1
17.014,2400.2
16.952,2407.9
17.077,2413.4
17.702,2437.6
17.889,2438.7
17.827,2434.3
17.827,2434.3
17.889,2442
17.889,2447.5
18.889,2406.8
17.139,2398
16.889,2389.2
16.889,2388.1
16.889,2394.7
17.827,2437.6
17.764,2433.2
17.764,2435.4
17.827,2440.9
19.077,2390.3
16.952,2357.3
16.577,2360.6
16.702,2373.8
16.702,2368.3
16.702,2381.5
16.889,2384.8
17.764,2425.5
17.639,2404.6
18.077,2367.2
16.639,2337.5
16.389,2343
16.389,2334.2
16.452,2347.4
16.577,2345.2
16.952,2376
19.264,2348.5
16.702,2347.4
16.077,2335.3
16.077,2354
16.014,2347.4
16.014,2358.4
16.139,2352.9
18.389,2315.5
16.264,2302.3
15.702,2323.2
15.639,2330.9
15.639,2321
15.639,2326.5
17.577,2356.2
15.389,2310
14.952,2314.4
14.889,2326.5
14.952,2316.6
14.952,2321
17.077,2039.4
15.514,2319.9
14.764,2308.9
14.639,2304.5
14.577,2317.7
14.639,2308.9
14.639,2321
15.264,2303.4
14.452,2307.8
14.327,2305.6
14.264,2310
14.264,2313.3
16.827,2318.8
14.577,2289.1
13.827,2292.4
13.764,2293.5
13.764,2292.4
13.702,2294.6
14.764,2266
13.702,2266
13.514,2263.8
13.514,2267.1
13.514,2266
15.389,2235.2
13.702,2226.4
13.389,2220.9
13.452,2224.2
13.389,2226.4
16.014,2245.1
13.389,2219.8
12.889,2206.6
12.827,2208.8
12.764,2219.8
15.764,2269.3
13.452,2234.1
13.077,2233
13.077,2235.2
13.014,2225.3
13.014,2235.2
13.327,2256.1
14.639,2296.8
15.952,2267.1
14.014,2253.9
13.639,2257.2
13.639,2268.2
13.639,2273.7
13.639,2272.6
14.077,2297.9
17.077,2306.7
14.577,2280.3
14.014,2266
14.014,2270.4
14.014,2268.2
13.952,2273.7
14.139,2286.9
17.014,2328.7
14.764,2280.3
14.202,2285.8
14.202,2291.3
14.202,2282.5
14.202,2283.6
14.264,2288
17.202,2312.2
15.014,2286.9
14.452,2286.9
14.389,2289.1
14.389,2291.3
14.389,2288
14.452,2291.3
15.452,2345.2
17.077,2333.1
14.889,2288
14.514,2285.8
14.514,2300.1
14.514,2294.6
14.577,2299
14.764,2317.7
15.889,2360.6
17.514,2343
15.139,2306.7
14.702,2295.7
14.702,2300.1
14.702,2299
14.702,2312.2
14.889,2330.9
16.077,2370.5
18.014,2348.5
15.452,2302.3
14.827,2296.8
14.827,2317.7
14.827,2308.9
14.827,2313.3
14.952,2324.3
16.139,2377.1
16.514,2326.5
15.264,2326.5
15.077,2328.7
15.014,2332
15.014,2333.1
15.077,2339.7
15.764,2369.4
16.514,2382.6
16.889,2339.7
15.327,2335.3
15.077,2324.3
15.139,2326.5
15.077,2333.1
15.139,2323.2
15.764,2366.1
16.577,2381.5
18.702,2310
16.264,2337.5
15.264,2330.9
15.077,2338.6
15.077,2340.8
15.139,2346.3
15.264,2357.3
16.202,2415.6
16.639,2399.1
18.514,2398
15.764,2347.4
15.139,2337.5
15.139,2347.4
15.139,2347.4
15.139,2365
15.389,2374.9
17.639,2303.4
15.827,2304.5
15.264,2307.8
15.202,2305.6
15.202,2310
15.202,2314.4
15.327,2330.9
17.077,2344.1
15.577,2323.2
15.202,2324.3
15.202,2319.9
15.264,2324.3
15.264,2324.3
15.452,2346.3
16.577,2361.7
16.077,3030.5
16.014,3044.8
16.077,3044.8
16.139,3044.8
16.139,2379.3
16.389,2374.9
16.952,2403.5
17.327,2414.5
17.514,2425.5
17.639,3100.9
17.702,3109.7
17.514,3099.8
17.577,3105.3
17.764,2439.8
17.952,2429.9
18.077,2439.8
18.389,2458.5
18.639,2460.7
18.639,2464
19.202,2428.8
17.639,2414.5
17.452,2424.4
17.514,2423.3
17.639,2427.7
17.639,2432.1
17.889,2459.6
18.452,2461.8
18.327,2460.7
18.327,2459.6
18.389,2464
18.389,2476.1
18.452,2470.6
18.577,2487.1
18.764,2482.7
18.827,2488.2
19.827,2443.1
18.014,2437.6
17.702,2432.1
17.702,2435.4
17.764,2445.3
17.764,2447.5
17.952,2457.4
18.639,2483.8
18.514,2472.8
18.514,2484.9
18.577,2479.4
18.577,2487.1
18.639,2486
20.264,2411.2
18.014,2422.2
17.577,2420
17.577,2424.4
17.577,2424.4
17.577,2442
17.639,2444.2
18.389,2478.3
18.452,2476.1
18.452,2481.6
18.452,2480.5
18.952,2420
17.452,2421.1
17.264,2411.2
17.327,2422.2
17.389,2420
17.389,2424.4
17.827,2459.6
18.389,2460.7
19.389,2426.6
17.389,2393.6
17.014,2400.2
17.014,2406.8
17.077,2411.2
17.139,2422.2
17.452,2438.7
18.202,2464
17.889,2362.8
16.952,2350.7
16.764,2367.2
16.702,2381.5
16.764,2384.8
16.827,2387
17.639,2428.8
18.889,2373.8
16.639,2336.4
16.139,2337.5
16.077,2350.7
16.139,2352.9
16.139,2348.5
16.514,2377.1
17.639,2328.7
15.889,2325.4
15.577,2316.6
15.514,2315.5
15.514,2325.4
17.577,2348.5
15.452,2293.5
15.014,2291.3
14.952,2297.9
14.952,2308.9
15.014,2305.6
15.202,2332
17.264,2312.2
14.889,2282.5
14.452,2285.8
14.389,2297.9
14.327,2286.9
16.889,2321
14.764,2268.2
14.202,2264.9
14.139,2279.2
14.139,2280.3
16.639,2205.5
14.952,2271.5
14.139,2268.2
14.014,2269.3
14.014,2273.7
13.952,2272.6
16.577,2230.8
14.764,2256.1
14.014,2264.9
13.889,2246.2
13.889,2252.8
13.889,2251.7
15.514,2258.3
14.014,2258.3
13.827,2268.2
13.827,2272.6
13.827,2277
16.514,2338.6
14.202,2286.9
13.764,2269.3
13.764,2274.8
13.764,2286.9
16.452,2238.5
13.639,2222
13.077,2213.2
13.014,2223.1
12.952,2218.7
16.202,2264.9
13.952,2234.1
13.389,2238.5
13.327,2231.9
13.327,2237.4
13.327,2248.4
13.389,2258.3
14.639,2317.7
17.452,2202.2
15.077,2264.9
14.014,2253.9
13.889,2256.1
13.889,2268.2
13.827,2256.1
13.952,2274.8
14.889,2317.7
17.452,2335.3
14.827,2285.8
14.202,2277
14.202,2286.9
14.202,2280.3
14.202,2300.1
14.327,2313.3
16.514,2305.6
14.764,2291.3
14.452,2289.1
14.452,2286.9
14.452,2294.6
14.452,2313.3
14.889,2329.8
16.764,2295.7
14.889,2279.2
14.514,2273.7
14.514,2286.9
14.577,2292.4
14.514,2292.4
14.952,2318.8
17.764,2354
15.077,2281.4
14.514,2300.1
14.514,2291.3
14.452,2295.7
14.514,2290.2
14.702,2315.5
16.014,2362.8
16.139,2310
14.764,2292.4
14.514,2295.7
14.514,2296.8
14.452,2308.9
14.514,2310
17.452,2354
15.139,2294.6
14.577,2282.5
14.577,2290.2
14.577,2292.4
14.577,2299
15.764,2263.8
15.639,2288
15.577,2278.1
15.577,2290.2
15.639,2290.2
15.639,2289.1
15.702,2290.2
16.139,2307.8
16.514,2322.1
16.639,2325.4
16.764,2336.4
16.827,2332
16.827,2941.4
16.952,3010.7
17.139,3012.9
17.327,3023.9
17.452,3031.6
17.577,3033.8
17.639,3099.8
17.764,3109.7
18.014,2440.9
18.264,2433.2
18.389,2450.8
18.514,2444.2
18.639,2450.8
18.702,2451.9
18.764,2449.7
18.577,2443.1
19.577,2381.5
18.139,3086.6
17.889,3098.7
17.952,3106.4
18.014,3109.7
18.014,3115.2
18.077,3116.3
18.639,3139.4
18.827,3147.1
18.952,3157
19.077,3155.9
19.139,3175.7
19.202,3169.1
19.264,3187.8
19.514,3187.8
19.639,3192.2
19.764,3198.8
19.827,3198.8
19.889,3199.9
19.952,2547.6
20.014,2526.7
20.139,2524.5
20.264,2531.1
20.327,2530
20.389,2534.4
20.452,2546.5
20.327,2531.1
20.202,2528.9
20.264,2536.6
20.327,2545.4
20.327,2533.3
20.389,2544.3
20.389,2546.5
20.389,2539.9
20.327,2536.6
20.389,2544.3
20.389,2535.5
20.389,2545.4
20.452,2539.9
20.764,2492.6
19.577,2483.8
19.389,2494.8
19.389,2481.6
19.452,2492.6
19.452,2497
19.639,2520.1
20.014,2517.9
19.952,2521.2
19.889,2521.2
19.952,2512.4
19.952,2523.4
19.952,2528.9
20.077,2531.1
20.202,2526.7
20.202,2533.3
20.202,2533.3
20.264,2533.3
20.264,2536.6
20.264,2537.7
20.327,2543.2
20.452,2545.4
21.077,2484.9
19.452,2471.7
19.139,2470.6
19.139,2473.9
19.139,2472.8
19.139,2478.3
19.389,2500.3
19.952,2508
19.827,2504.7
19.764,2515.7
19.827,2516.8
19.827,2520.1
19.827,2517.9
20.202,2498.1
19.202,2477.2
19.014,2493.7
19.014,2486
19.014,2493.7
19.014,2493.7
19.327,2514.6
19.702,2514.6
19.702,2513.5
19.639,2509.1
19.702,2500.3
22.014,2413.4
19.264,2449.7
18.577,2451.9
18.577,2455.2
18.577,2464
18.514,2454.1
18.577,2464
19.327,2509.1
19.389,2503.6
19.327,2500.3
19.327,2500.3
21.327,2442
18.389,2417.8
17.764,2418.9
17.702,2417.8
17.764,2429.9
17.764,2425.5
17.889,2440.9
18.952,2481.6
18.827,2459.6
18.764,2401.3
17.452,2403.5
17.202,2407.9
17.202,2403.5
17.202,2406.8
17.327,2416.7
18.139,2465.1
19.389,2403.5
17.202,2385.9
16.827,2396.9
16.764,2385.9
16.764,2393.6
16.827,2394.7
17.264,2428.8
18.577,2368.3
16.577,2367.2
16.139,2350.7
16.077,2335.3
16.077,2347.4
16.577,2325.4
15.702,2323.2
15.514,2322.1
15.452,2322.1
15.452,2333.1
15.514,2337.5
16.764,2325.4
15.264,2302.3
15.014,2318.8
14.952,2316.6
14.952,2314.4
17.139,2302.3
14.764,2286.9
14.389,2283.6
14.327,2285.8
14.327,2286.9
16.889,2347.4
14.639,2289.1
14.139,2286.9
14.014,2285.8
14.077,2284.7
17.827,2404.6
14.202,2251.7
13.202,2236.3
13.014,2237.4
13.014,2241.8
12.952,2237.4
13.077,2251.7
14.889,2325.4
15.139,2306.7
17.389,2295.7
14.889,2253.9
14.077,2248.4
14.014,2253.9
14.014,2249.5
14.077,2261.6
14.264,2271.5
16.514,2317.7
14.702,2264.9
14.264,2263.8
14.264,2264.9
14.264,2286.9
14.264,2288
17.077,2241.8
14.764,2260.5
13.764,2241.8
13.577,2248.4
13.577,2247.3
13.514,2250.6
16.514,2238.5
14.514,2252.8
13.827,2246.2
13.764,2256.1
13.764,2251.7
13.764,2245.1
13.764,2258.3
16.952,2310
14.264,2262.7
13.827,2245.1
13.764,2246.2
13.764,2249.5
13.702,2260.5
14.077,2291.3
16.202,2238.5
14.264,2247.3
13.889,2246.2
13.889,2241.8
13.889,2253.9
13.889,2258.3
14.389,2294.6
16.014,2317.7
15.202,2295.7
15.077,2290.2
15.139,2299
15.202,2313.3
15.202,2314.4
15.452,2324.3
16.139,2348.5
16.264,2355.1
16.327,2352.9
16.389,2358.4
16.389,2356.2
16.452,2365
16.764,3009.6
16.014,3007.4
15.952,3008.5
16.014,3020.6
16.077,3011.8
16.077,2379.3
16.577,2395.8
17.202,2407.9
17.327,2410.1
17.452,2405.7
17.577,3073.4
17.639,3089.9
17.514,3071.2
17.577,3083.3
17.764,3088.8
17.889,2599.3
18.014,2458.5
18.264,2450.8
18.514,2470.6
18.577,2450.8
18.639,2465.1
18.764,2470.6
18.764,2465.1
18.639,2465.1
18.702,2471.7
18.764,2414.5
17.639,2418.9
17.514,2411.2
17.514,2417.8
17.514,2411.2
17.452,2420
18.014,2451.9
18.389,2450.8
18.264,2454.1
18.327,2448.6
18.327,2451.9
18.327,2457.4
18.389,2464
18.577,2472.8
20.889,2356.2
18.264,2400.2
17.452,2399.1
17.389,2404.6
17.327,2403.5
17.389,2410.1
17.389,2407.9
18.202,2458.5
18.389,2442
18.264,2443.1
18.264,2444.2
18.327,2451.9
20.264,2412.3
17.827,2394.7
17.327,2398
17.327,2394.7
17.327,2395.8
17.327,2398
17.389,2402.4
18.202,2442
18.264,2429.9
18.202,2425.5
18.264,2435.4
17.827,2372.7
16.827,2369.4
16.764,2369.4
16.827,2377.1
16.827,2371.6
16.889,2378.2
17.827,2428.8
18.264,2333.1
16.452,2330.9
16.077,2324.3
16.014,2324.3
16.014,2330.9
16.077,2326.5
16.702,2387
18.639,2379.3
15.327,2303.4
14.639,2294.6
14.452,2288
14.452,2297.9
16.952,2317.7
14.827,2277
14.202,2275.9
14.077,2279.2
14.077,2285.8
14.077,2293.5
17.452,2295.7
14.702,2234.1
13.514,2223.1
13.264,2228.6
13.264,2234.1
14.889,2941.4
13.452,2920.5
13.139,2915
13.139,2918.3
13.077,2909.5
17.389,2270.4
14.514,2223.1
13.389,2218.7
13.139,2222
13.139,2220.9
13.139,2226.4
16.389,2236.3
14.264,2229.7
13.577,2234.1
13.514,2244
13.514,2241.8
13.452,2247.3
13.514,2245.1
14.577,2307.8
16.577,2301.2
14.452,2284.7
14.077,2290.2
14.077,2278.1
14.077,2288
14.077,2286.9
15.639,2312.2
14.577,2306.7
14.452,2305.6
14.452,2296.8
14.452,2305.6
14.452,2303.4
17.327,2315.5
15.389,2310
14.702,2301.2
14.639,2303.4
14.639,2311.1
14.639,2311.1
14.702,2310
16.514,2308.9
15.014,2274.8
14.702,2293.5
14.764,2295.7
14.764,2290.2
14.764,2308.9
15.139,2335.3
18.202,2350.7
15.577,2326.5
14.952,2311.1
14.952,2324.3
14.952,2315.5
14.952,2308.9
15.014,2329.8
16.202,2379.3
18.639,2308.9
16.139,2308.9
14.952,2306.7
14.827,2313.3
14.764,2317.7
14.764,2312.2
14.827,2313.3
15.827,2337.5
16.389,2334.2
16.327,2347.4
16.327,2350.7
16.327,2352.9
16.389,2349.6
16.452,2362.8
16.827,2383.7
17.077,2382.6
17.202,2384.8
17.264,2387
17.327,2392.5
17.389,2393.6
17.389,2395.8
17.577,2398
17.702,2404.6
17.827,2401.3
17.889,2411.2
17.952,2409
18.014,2413.4
18.077,2417.8
18.139,2433.2
18.264,2429.9
18.389,2417.8
17.639,2413.4
17.577,2411.2
17.639,2410.1
17.702,2418.9
17.702,2418.9
18.014,2435.4
18.389,2442
18.327,2446.4
20.764,2424.4
17.639,2379.3
16.827,2370.5
16.827,2382.6
16.827,2380.4
16.827,2385.9
16.889,2390.3
17.952,2437.6
18.014,2427.7
18.577,2405.7
17.452,3072.3
17.264,3080
17.327,3084.4
17.327,3087.7
17.577,2435.4
17.827,2435.4
18.327,2453
18.514,2461.8
18.639,2462.9
18.702,2475
18.764,2466.2
18.577,2465.1
18.702,2478.3
18.827,2484.9
18.952,2486
18.952,2421.1
18.014,2416.7
17.889,2428.8
17.827,2424.4
17.827,2422.2
17.889,2429.9
18.452,2469.5
18.764,2468.4
18.702,2457.4
18.702,2467.3
18.702,2464
19.764,2445.3
17.889,2423.3
17.639,2432.1
17.764,2424.4
17.764,2429.9
17.764,2428.8
17.952,2446.4
18.702,2468.4
18.577,2464
20.389,2428.8
18.077,2425.5
17.577,2428.8
17.514,2434.3
17.514,2433.2
17.577,2437.6
17.764,2440.9
18.577,2475
18.577,2470.6
18.514,2471.7
18.139,2383.7
17.139,2379.3
17.014,2383.7
17.014,2390.3
17.077,2384.8
17.139,2391.4
18.077,2454.1
18.639,2371.6
17.077,2354
16.827,2366.1
16.764,2366.1
16.827,2370.5
16.827,2367.2
17.452,2412.3
19.827,2376
16.952,2333.1
16.327,2326.5
16.264,2333.1
16.264,2341.9
16.264,2346.3
18.889,2347.4
16.202,2306.7
15.514,2294.6
15.389,2300.1
15.389,2301.2
15.389,2307.8
16.514,2296.8
15.452,2285.8
15.202,2280.3
15.202,2295.7
15.202,2282.5
15.264,2302.3
16.452,2284.7
14.952,2274.8
14.639,2273.7
14.639,2277
14.577,2272.6
17.139,2088.9
15.514,2255
14.389,2257.2
14.202,2257.2
14.139,2258.3
14.139,2256.1
16.077,2285.8
14.327,2275.9
14.014,2281.4
13.952,2290.2
13.952,2290.2
16.827,2352.9
14.389,2282.5
13.889,2279.2
13.889,2294.6
13.827,2285.8
16.764,2321
14.514,2291.3
13.889,2286.9
13.764,2295.7
13.764,2305.6
13.702,2303.4
16.577,1906.3
15.014,2219.8
13.889,2222
13.764,2236.3
13.702,2229.7
13.702,2231.9
17.639,2259.4
14.889,2230.8
13.577,2227.5
13.264,2235.2
13.264,2241.8
13.202,2241.8
13.264,2256.1
14.639,2316.6
15.327,2319.9
15.139,2314.4
15.077,2319.9
15.139,2321
15.139,2326.5
15.202,2316.6
15.639,2334.2
16.014,2345.2
16.077,2345.2
16.139,2357.3
16.202,2355.1
16.264,2358.4
16.327,2362.8
18.077,2310
14.702,2251.7
14.077,2251.7
14.014,2252.8
14.014,2256.1
14.014,2249.5
14.389,2284.7
15.889,2328.7
15.764,2316.6
15.639,2319.9
15.702,2323.2
17.639,2291.3
14.452,2219.8
13.827,2219.8
13.764,2214.3
13.702,2239.6
13.764,2224.2
14.139,2253.9
15.639,2314.4
15.577,2297.9
15.452,2303.4
15.452,2311.1
15.514,2314.4
15.514,2313.3
17.639,2319.9
14.139,2259.4
13.514,2262.7
13.389,2263.8
13.389,2259.4
13.827,2176.9
12.639,2153.8
12.327,2152.7
12.327,2143.9
12.264,2153.8
12.389,2162.6
13.389,2212.1
14.327,2219.8
14.139,2209.9
14.139,2217.6
14.202,2227.5
14.202,2229.7
14.264,2222
14.577,2246.2
15.014,2277
15.139,2259.4
15.202,2270.4
15.264,2271.5
15.327,2310
15.389,2295.7
15.577,2297.9
15.764,2303.4
15.889,2330.9
16.014,2322.1
15.889,2250.6
14.389,2244
14.139,2236.3
14.139,2239.6
14.139,2250.6
14.202,2255
14.764,2292.4
15.639,2290.2
15.514,2295.7
15.514,2288
16.639,2316.6
13.702,2249.5
13.077,2242.9
13.014,2238.5
13.014,2239.6
17.452,2311.1
13.452,2913.9
12.577,2895.2
12.452,2889.7
12.452,2886.4
12.389,2879.8
12.639,2905.1
14.389,2963.4
14.702,2968.9
14.702,2336.4
14.764,2307.8
14.827,2293.5
14.952,2304.5
15.077,2288
14.639,2290.2
14.702,2296.8
14.702,2297.9
14.702,2300.1
14.702,2299
15.139,2333.1
15.577,2340.8
15.639,2350.7
15.764,2356.2
17.639,2336.4
15.264,2294.6
14.827,2308.9
14.889,2310
14.952,2319.9
15.014,2315.5
15.139,2333.1
16.077,2311.1
14.889,2305.6
14.639,2304.5
14.702,2310
14.702,2308.9
14.702,2307.8
15.327,2349.6
16.639,2313.3
15.077,2296.8
14.827,2291.3
14.827,2294.6
14.827,2295.7
14.827,2302.3
15.202,2326.5
17.639,2326.5
14.889,2278.1
14.327,2275.9
14.264,2279.2
14.264,2286.9
14.264,2282.5
15.702,2255
14.014,2250.6
13.702,2250.6
13.702,2245.1
13.702,2255
14.827,2231.9
13.577,2226.4
13.264,2226.4
13.264,2234.1
13.264,2235.2
15.452,2242.9
13.389,2241.8
13.014,2230.8
13.014,2239.6
12.952,2240.7
15.327,2242.9
13.327,2227.5
12.952,2236.3
12.952,2235.2
12.889,2234.1
16.452,2268.2
13.264,2234.1
12.639,2229.7
12.639,2235.2
12.514,2222
17.077,2311.1
13.452,2922.7
12.764,2913.9
12.702,2917.2
12.639,2236.3
12.639,2235.2
12.889,2244
14.514,2306.7
14.827,2300.1
14.889,2988.7
15.014,2989.8
14.764,2979.9
14.702,2338.6
14.764,2326.5
15.327,2336.4
15.639,2352.9
16.452,2329.8
15.264,2310
15.139,2317.7
15.139,2314.4
15.077,2312.2
15.077,2322.1
15.389,2339.7
16.139,2365
16.139,2360.6
16.202,2365
16.264,2373.8
18.577,2374.9
15.952,2325.4
15.139,2328.7
15.139,2339.7
15.264,2344.1
15.202,2338.6
15.327,2340.8
16.139,2396.9
18.514,2250.6
16.139,2317.7
15.077,2322.1
14.952,2325.4
14.952,2328.7
14.952,2323.2
15.014,2340.8
15.827,2392.5
18.264,2360.6
15.889,2329.8
15.139,2330.9
15.139,2333.1
15.139,2330.9
15.077,2337.5
15.202,2350.7
16.077,2398
17.327,2310
14.639,2272.6
14.139,2283.6
14.077,2279.2
14.139,2285.8
16.764,2282.5
14.264,2266
13.702,2257.2
13.639,2266
13.577,2267.1
15.952,2291.3
14.139,2269.3
14.139,2284.7
14.139,2290.2
14.139,2294.6
14.202,2292.4
14.264,2301.2
15.139,2344.1
15.389,2343
15.452,2348.5
17.827,2333.1
14.764,2291.3
14.014,2275.9
13.952,2284.7
13.952,2278.1
13.952,2290.2
16.014,2325.4
14.202,2295.7
13.889,2297.9
13.889,2288
13.889,2303.4
13.952,2311.1
16.827,2329.8
14.014,2274.8
13.389,2261.6
13.264,2267.1
13.264,2266
16.764,2141.7
14.389,2233
13.202,2225.3
13.014,2231.9
13.014,2225.3
12.952,2219.8
15.014,2236.3
13.389,2245.1
13.139,2235.2
17.327,2286.9
13.827,2226.4
12.952,2213.2
12.764,2235.2
12.764,2227.5
12.702,2233
12.827,2237.4
14.327,2311.1
14.702,2302.3
17.077,1975.6
15.014,2268.2
13.827,2261.6
13.577,2252.8
13.639,2262.7
13.577,2272.6
13.702,2279.2
16.452,2141.7
14.827,2258.3
13.952,2249.5
13.827,2260.5
13.827,2264.9
13.827,2261.6
13.889,2279.2
14.639,2316.6
16.327,2284.7
14.452,2263.8
14.077,2258.3
14.077,2264.9
14.139,2277
14.139,2281.4
14.452,2308.9
15.639,2264.9
14.514,2269.3
14.327,2267.1
14.327,2271.5
14.264,2270.4
14.327,2272.6
14.952,2325.4
16.139,2316.6
14.764,2310
14.514,2304.5
14.577,2297.9
14.577,2306.7
14.577,2311.1
15.077,2346.3
17.577,2326.5
15.327,2306.7
14.764,2311.1
14.764,2313.3
14.827,2313.3
14.764,2321
14.952,2335.3
17.139,2376
15.327,2332
14.952,2333.1
14.952,2337.5
15.014,2336.4
14.952,2332
15.139,2358.4
17.139,2359.5
15.389,2344.1
15.077,2339.7
15.077,2338.6
15.139,2338.6
15.139,2352.9
15.452,2380.4
18.389,2374.9
15.952,2351.8
15.202,2344.1
15.202,2350.7
15.139,2356.2
15.139,2347.4
15.264,2355.1
16.202,2407.9
16.514,2393.6
18.514,2223.1
16.327,2334.2
15.389,2311.1
15.202,2324.3
15.202,2324.3
17.389,2194.5
15.202,2253.9
13.889,2260.5
13.639,2245.1
13.639,2247.3
13.639,2263.8
13.702,2262.7
14.702,2322.1
15.514,2317.7
15.389,2321
17.389,2337.5
14.952,2291.3
14.389,2272.6
14.389,2282.5
14.452,2304.5
14.514,2293.5
14.764,2325.4
16.764,2345.2
15.264,2992
14.827,2998.6
14.889,2997.5
14.889,3000.8
14.952,2996.4
15.014,3015.1
16.014,3060.2
16.514,3060.2
16.577,3067.9
16.702,3066.8
16.827,3064.6
16.889,2418.9
17.014,2406.8
17.327,2434.3
17.639,2429.9
17.764,2434.3
17.889,2444.2
17.952,2435.4
17.764,2431
17.764,2444.2
18.389,2403.5
16.889,2389.2
16.702,2392.5
16.764,2401.3
16.764,2404.6
16.702,2398
17.077,2423.3
17.764,2434.3
17.639,2431
17.639,2439.8
17.702,2438.7
17.702,2445.3
17.764,2444.2
17.889,2451.9
18.139,2458.5
18.202,2460.7
19.077,2436.5
17.389,2415.6
17.139,2406.8
17.077,2413.4
17.139,2414.5
17.202,2424.4
17.389,2438.7
18.139,2465.1
18.014,2451.9
20.014,2087.8
17.827,2402.4
16.889,2398
16.764,2407.9
16.702,2405.7
16.764,2406.8
16.827,2413.4
17.577,2459.6
17.889,2453
18.327,2391.4
16.952,2373.8
16.702,2378.2
16.702,2382.6
16.764,2383.7
16.952,2399.1
17.264,2405.7
17.889,2418.9
17.827,2411.2
19.952,2380.4
17.077,2349.6
16.327,2338.6
16.264,2339.7
16.264,2345.2
16.327,2352.9
16.452,2368.3
17.827,2340.8
16.327,2334.2
16.077,2341.9
16.077,2328.7
16.077,2344.1
16.077,2348.5
17.764,2359.5
16.077,2333.1
15.639,2333.1
15.639,2343
15.577,2338.6
15.577,2337.5
17.702,2344.1
15.389,2285.8
14.889,2289.1
14.827,2286.9
14.827,2293.5
14.889,2292.4
15.139,2312.2
16.952,2302.3
15.014,2291.3
14.639,2294.6
14.639,2301.2
14.639,2294.6
17.139,2340.8
14.577,2282.5
14.077,2272.6
14.014,2282.5
14.014,2279.2
16.702,2296.8
14.514,2257.2
13.889,2253.9
13.827,2263.8
13.764,2270.4
13.764,2262.7
16.389,2181.3
14.702,2252.8
13.827,2241.8
13.639,2257.2
13.639,2253.9
13.639,2264.9
16.452,2270.4
13.577,2240.7
13.014,2225.3
12.952,2225.3
12.889,2228.6
16.264,2324.3
13.889,2256.1
13.389,2229.7
13.264,2240.7
13.327,2240.7
13.264,2250.6
13.389,2266
14.702,2316.6
17.077,2343
14.389,2283.6
13.827,2278.1
13.827,2290.2
13.827,2291.3
13.764,2296.8
14.014,2318.8
17.139,2360.6
14.639,2296.8
14.139,2291.3
14.139,2288
14.139,2288
14.139,2295.7
14.389,2317.7
16.077,2312.2
14.639,2301.2
14.389,2291.3
14.389,2294.6
14.389,2297.9
14.389,2300.1
15.077,2343
16.327,2304.5
14.827,2286.9
14.577,2282.5
14.577,2293.5
14.577,2300.1
14.577,2291.3
15.202,2336.4
18.014,2305.6
15.827,2281.4
15.264,2280.3
15.264,2302.3
15.264,2299
15.327,2305.6
15.452,2314.4
16.327,2345.2
16.514,2344.1
16.514,2354
16.577,2343
16.639,2350.7
16.639,2363.9
16.702,2358.4
17.077,2373.8
17.264,2392.5
17.327,2388.1
17.389,2385.9
18.702,2385.9
16.889,2380.4
16.514,2368.3
16.639,2387
16.702,2405.7
16.702,2404.6
19.202,2368.3
16.202,2328.7
15.389,2324.3
15.264,2296.8
15.264,2310
15.264,2311.1
15.327,2318.8
16.452,2380.4
16.764,2379.3
16.702,2368.3
16.702,2369.4
16.764,2382.6
16.764,2383.7
16.827,2385.9
17.139,2346.3
15.889,2334.2
15.639,2350.7
15.639,2336.4
15.639,2357.3
16.639,2293.5
16.077,3069
16.452,3071.2
16.452,3067.9
16.452,2401.3
16.452,2393.6
16.514,2407.9
16.889,2414.5
17.327,2437.6
17.702,2449.7
17.827,2455.2
17.702,2456.3
17.639,3117.4
17.702,3117.4
17.827,3122.9
18.014,2550.9
18.202,2489.3
18.327,2481.6
18.327,2486
18.514,2491.5
19.577,2409
17.952,2428.8
17.639,2418.9
17.639,2422.2
17.639,2410.1
17.639,2411.2
17.764,2434.3
18.514,2466.2
18.452,2444.2
18.389,2453
18.452,2462.9
18.452,2457.4
18.452,2454.1
18.639,2467.3
20.702,1992.1
18.514,2423.3
17.639,2417.8
17.577,2412.3
17.514,2415.6
17.577,2432.1
17.577,2434.3
18.202,2470.6
18.514,2468.4
18.452,2472.8
18.452,2464
18.452,2460.7
20.702,2444.2
18.014,2415.6
17.264,2418.9
17.327,2431
17.327,2440.9
17.327,2429.9
17.327,2446.4
18.202,2483.8
18.327,2472.8
18.264,2475
20.452,2422.2
17.764,2406.8
17.139,2402.4
17.077,2407.9
17.139,2412.3
17.202,2415.6
17.264,2418.9
17.827,2365
16.764,2366.1
16.702,2369.4
16.702,2373.8
16.702,2373.8
16.764,2378.2
19.577,2391.4
16.952,2366.1
16.389,2354
16.389,2360.6
16.327,2371.6
16.327,2376
18.327,2366.1
16.264,2322.1
15.764,2319.9
15.702,2324.3
15.702,2326.5
15.702,2339.7
17.827,2376
15.577,2319.9
15.139,2326.5
15.077,2332
15.139,2330.9
15.139,2327.6
15.389,2350.7
16.639,2324.3
15.014,2318.8
14.639,2311.1
14.577,2308.9
14.577,2314.4
15.764,2279.2
14.389,2264.9
14.139,2280.3
14.139,2279.2
14.139,2278.1
16.577,2291.3
14.327,2260.5
14.014,2264.9
13.952,2266
13.889,2267.1
16.827,2325.4
14.389,2261.6
13.889,2241.8
13.827,2258.3
13.827,2260.5
17.702,2307.8
13.889,2240.7
13.139,2226.4
13.077,2237.4
13.014,2233
16.077,2183.5
14.389,2968.9
13.702,2961.2
13.639,2959
13.639,2957.9
13.639,2281.4
13.702,2270.4
14.577,2311.1
15.327,2324.3
15.577,2326.5
15.764,2338.6
15.889,2340.8
14.827,2311.1
14.952,2311.1
15.077,2324.3
15.077,2329.8
15.202,2344.1
16.264,2383.7
16.327,2361.7
17.827,2388.1
15.577,2348.5
15.139,2341.9
15.202,2344.1
15.264,2357.3
15.327,2361.7
15.577,2378.2
16.639,2414.5
18.764,2316.6
16.389,2339.7
15.452,2329.8
15.327,2341.9
15.327,2337.5
15.327,2350.7
15.452,2359.5
16.389,2404.6
16.764,2418.9
17.889,2369.4
15.702,2351.8
15.327,2340.8
15.327,2338.6
15.389,2346.3
15.389,2341.9
15.827,2371.6
17.202,2334.2
15.764,2358.4
15.514,2325.4
15.514,2321
15.452,2319.9
15.577,2354
16.077,2368.3
16.764,2360.6
15.702,2358.4
15.577,2340.8
15.577,2352.9
15.577,2346.3
15.639,2367.2
18.639,2319.9
16.577,2356.2
15.702,2344.1
15.639,2355.1
15.702,2356.2
15.639,2359.5
15.702,2360.6
18.514,2358.4
16.389,2344.1
15.702,2337.5
15.702,2354
15.702,2354
15.702,2363.9
15.764,2361.7
18.764,2352.9
16.452,2318.8
15.577,2317.7
15.514,2337.5
15.514,2327.6
15.514,2330.9
15.577,2337.5
18.577,2330.9
16.077,2299
15.389,2297.9
15.327,2303.4
15.264,2296.8
15.264,2277
15.389,2290.2
16.577,2348.5
16.827,2349.6
16.764,2343
16.764,2351.8
16.827,2365
16.827,2378.2
16.889,2374.9
17.327,2399.1
17.514,2392.5
17.577,2403.5
17.639,2398
19.952,2404.6
16.639,3019.5
15.702,3016.2
15.577,3020.6
15.577,3030.5
15.577,3027.2
15.702,3031.6
17.014,3102
17.389,3093.2
17.389,3096.5
17.514,3097.6
17.577,3098.7
17.639,2449.7
17.702,2428.8
18.202,2447.5
18.452,2475
18.577,2468.4
18.702,2470.6
19.827,2436.5
17.639,2401.3
17.202,2406.8
17.264,2402.4
17.327,2406.8
17.389,2403.5
17.577,2428.8
18.452,2454.1
18.327,2445.3
18.202,2444.2
18.264,2460.7
18.327,2447.5
18.389,2455.2
18.514,2467.3
19.077,2402.4
17.514,2393.6
17.264,2407.9
17.264,2406.8
17.264,2417.8
17.264,2414.5
17.764,2450.8
18.452,2465.1
18.264,2444.2
18.327,2445.3
19.639,2414.5
17.327,2384.8
16.952,2376
16.952,2383.7
17.077,2382.6
17.077,2384.8
17.327,2412.3
18.264,2442
18.827,2380.4
17.202,2373.8
16.952,2373.8
16.952,2368.3
17.014,2377.1
17.077,2389.2
17.514,2417.8
18.202,2437.6
20.202,2398
17.139,2343
16.452,2338.6
16.327,2345.2
16.389,2345.2
16.327,2350.7
16.514,2368.3
18.764,2366.1
16.827,2340.8
16.139,2332
16.077,2348.5
16.077,2343
16.077,2348.5
17.639,2361.7
16.139,2338.6
15.764,2334.2
15.764,2340.8
15.764,2337.5
15.827,2343
17.827,2366.1
16.014,2327.6
15.514,2321
15.514,2330.9
15.514,2330.9
15.452,2330.9
15.702,2349.6
16.827,2330.9
15.514,2328.7
15.264,2319.9
15.264,2329.8
15.202,2321
15.327,2334.2
16.264,2319.9
15.139,2322.1
14.889,2313.3
14.889,2324.3
14.827,2326.5
17.639,2229.7
15.577,2305.6
14.514,2300.1
14.327,2304.5
14.264,2311.1
14.264,2303.4
17.014,2315.5
14.952,2278.1
14.264,2283.6
14.139,2279.2
14.139,2283.6
14.139,2284.7
16.389,2286.9
14.952,2296.8
14.264,2295.7
14.202,2289.1
14.202,2286.9
14.139,2288
14.202,2295.7
17.014,2317.7
14.952,2263.8
14.327,2267.1
14.202,2273.7
14.202,2279.2
16.827,2154.9
15.327,2285.8
14.389,2289.1
14.264,2294.6
14.264,2294.6
14.264,2300.1
14.327,2303.4
16.764,2262.7
14.389,2234.1
13.889,2219.8
13.827,2239.6
13.827,2223.1
13.889,2245.1
14.389,2257.2
15.764,2317.7
15.702,2310
15.639,2299
15.639,2315.5
15.702,2296.8
18.139,2211
16.139,2288
14.952,2291.3
14.889,2299
14.952,2303.4
14.952,2304.5
16.639,2291.3
14.514,2245.1
14.139,2247.3
14.077,2272.6
14.077,2279.2
16.014,2277
14.577,2282.5
14.514,2286.9
14.514,2288
14.577,2288
14.577,2288
14.952,2324.3
17.702,2326.5
15.514,2302.3
14.702,2303.4
14.639,2295.7
14.639,2291.3
14.639,2299
14.639,2313.3
15.764,2371.6
17.764,2367.2
15.389,2304.5
14.889,2300.1
14.889,2311.1
14.952,2307.8
14.889,2318.8
15.139,2330.9
16.702,2326.5
15.077,2303.4
15.077,2297.9
15.139,2308.9
15.702,2350.7
16.889,2334.2
15.452,2324.3
15.202,2322.1
15.202,2315.5
15.264,2321
15.264,2329.8
15.764,2373.8
18.202,2229.7
16.452,2311.1
15.514,2311.1
15.389,2316.6
15.389,2316.6
15.452,2314.4
15.452,2323.2
16.952,2324.3
15.764,2318.8
15.577,2317.7
15.577,2318.8
15.639,2321
15.639,2336.4
16.139,2374.9
17.827,2365
16.077,2335.3
15.764,2328.7
15.764,2338.6
15.827,2333.1
15.827,2327.6
16.202,2362.8
18.452,2359.5
16.389,2332
15.952,2336.4
15.952,2345.2
16.014,2343
16.014,2351.8
16.202,2360.6
17.202,2392.5
17.452,2362.8
16.264,2360.6
16.139,2361.7
16.077,2358.4
16.139,2373.8
16.139,2373.8
16.827,2418.9
17.514,2418.9
19.452,2291.3
17.202,2337.5
16.202,2340.8
16.139,2347.4
16.139,2352.9
16.139,2359.5
16.202,2371.6
17.139,2416.7
17.514,2414.5
17.827,2363.9
16.452,2366.1
16.202,2370.5
16.202,2372.7
16.327,2376
16.452,2387
17.077,2436.5
17.702,2442
17.577,2435.4
19.764,2335.3
17.514,2369.4
16.514,2359.5
16.389,2368.3
16.389,2369.4
16.514,2384.8
16.639,2380.4
17.452,2432.1
17.827,2431
17.702,2422.2
18.014,2361.7
16.639,2368.3
16.452,2371.6
16.452,2370.5
16.514,2383.7
16.577,2389.2
17.264,2443.1
17.889,2437.6
17.764,2428.8
20.139,2428.8
17.452,2381.5
16.577,2372.7
16.452,2380.4
16.452,2389.2
16.577,2391.4
16.639,2400.2
17.702,2456.3
17.827,2440.9
19.952,2270.4
17.764,2373.8
16.702,2365
16.514,2382.6
16.514,2389.2
16.577,2393.6
16.639,2404.6
17.514,2456.3
18.327,2391.4
16.827,2377.1
16.577,2383.7
16.577,2384.8
16.577,2380.4
16.639,2385.9
17.264,2432.1
18.514,2387
16.952,2384.8
16.639,2382.6
16.702,2384.8
17.327,2429.9
19.639,2389.2
17.327,2377.1
16.702,2373.8
16.639,2387
16.827,2414.5
19.264,2421.1
17.139,3056.9
16.702,3064.6
16.702,3059.1
16.702,3069
16.764,3067.9
16.952,3087.7
18.014,2497
18.202,2470.6
18.327,2458.5
18.389,2465.1
18.514,2462.9
18.577,2475
19.952,2458.5
17.764,2433.2
17.764,2444.2
17.889,2438.7
18.264,2471.7
18.827,2480.5
18.702,2482.7
18.702,2483.8
18.764,2486
19.764,2448.6
17.827,2426.6
17.577,2432.1
17.639,2432.1
17.702,2439.8
18.764,2480.5
18.639,2470.6
20.639,2435.4
18.389,2414.5
17.702,2407.9
17.639,2407.9
17.702,2429.9
17.889,2431
18.514,2402.4
17.202,2403.5
17.202,2414.5
17.514,2432.1
19.889,2443.1
17.389,2410.1
16.952,2401.3
16.889,2387
16.889,2404.6
16.952,2406.8
17.639,2359.5
16.327,2361.7
16.327,2371.6
18.702,2354
16.452,2328.7
15.764,2322.1
15.702,2337.5
15.639,2338.6
15.702,2338.6
15.889,2355.1
16.577,2313.3
15.514,2308.9
15.327,2314.4
15.264,2311.1
15.264,2311.1
18.139,2357.3
15.264,2274.8
14.764,2268.2
14.639,2270.4
14.639,2280.3
17.452,2338.6
15.202,2280.3
14.514,2275.9
14.389,2281.4
14.389,2281.4
14.389,2289.1
17.639,2383.7
14.764,2294.6
14.139,2289.1
14.077,2294.6
14.014,2294.6
16.077,2283.6
14.139,2278.1
13.702,2284.7
13.702,2277
13.639,2290.2
16.702,2302.3
14.264,2274.8
13.827,2272.6
13.827,2275.9
13.764,2272.6
16.639,2181.3
15.014,2274.8
14.077,2266
13.889,2269.3
13.889,2272.6
13.889,2288
13.889,2291.3
17.889,2098.8
15.702,2281.4
14.202,2275.9
13.827,2277
13.827,2266
13.764,2269.3
16.514,2255
14.327,2236.3
13.952,2235.2
13.889,2237.4
13.889,2240.7
13.889,2228.6
14.514,2268.2
15.764,2296.8
15.702,2294.6
15.639,2300.1
15.702,2299
15.702,2321
15.764,2315.5
16.014,2335.3
16.452,2350.7
19.077,2363.9
15.514,2955.7
14.514,2960.1
14.389,2954.6
14.389,2959
14.327,2959
14.452,2964.5
16.014,3045.9
16.514,3043.7
16.452,3039.3
16.514,3036
16.577,3042.6
16.639,3042.6
16.764,2395.8
17.264,2400.2
17.577,2418.9
17.764,2420
17.827,2418.9
17.889,2420
19.889,2389.2
17.327,2356.2
16.514,2358.4
16.514,2365
16.577,2369.4
16.577,2382.6
16.639,2381.5
17.639,2431
17.702,2416.7
17.577,2420
17.577,2429.9
19.514,2396.9
16.889,2358.4
16.389,2365
16.452,2368.3
16.514,2366.1
16.514,2376
16.639,2389.2
17.702,2428.8
17.639,2416.7
18.827,2381.5
16.702,2345.2
16.264,2348.5
16.264,2350.7
16.327,2350.7
16.389,2355.1
16.764,2389.2
19.827,2374.9
16.702,2318.8
15.889,2325.4
15.827,2329.8
15.764,2332
15.764,2332
15.952,2339.7
16.639,2294.6
15.389,2292.4
15.202,2297.9
15.139,2293.5
15.139,2306.7
15.202,2305.6
16.139,2291.3
14.702,2275.9
14.389,2279.2
14.389,2274.8
14.389,2283.6
17.202,2257.2
15.202,2278.1
14.077,2275.9
13.827,2267.1
13.827,2271.5
17.702,2354
13.764,2917.2
13.014,2907.3
12.952,2907.3
12.889,2897.4
12.827,2897.4
13.264,2937
15.077,2989.8
15.139,2979.9
15.139,2987.6
15.202,2993.1
15.202,2984.3
15.264,2372.7
15.452,2362.8
16.452,2394.7
16.577,2400.2
16.639,2407.9
16.452,2402.4
16.452,2401.3
17.077,2369.4
15.702,2359.5
15.514,2358.4
15.639,2365
15.639,2360.6
15.639,2362.8
16.014,2392.5
16.639,2406.8
16.577,2405.7
16.577,2406.8
16.639,2411.2
16.702,2405.7
16.702,2413.4
18.327,2374.9
16.389,2381.5
16.014,2368.3
16.077,2379.3
16.077,2378.2
17.014,2425.5
17.014,2410.1
17.139,2369.4
16.139,2363.9
16.014,2370.5
16.014,2360.6
16.764,2414.5
18.264,2371.6
16.327,2349.6
15.889,2356.2
15.889,2360.6
15.889,2361.7
15.889,2369.4
16.077,2381.5
17.014,2414.5
18.077,2381.5
16.264,2350.7
15.952,2360.6
15.889,2352.9
15.952,2357.3
15.952,2367.2
16.202,2384.8
17.077,2417.8
19.514,2368.3
16.452,2325.4
15.577,2327.6
15.452,2339.7
15.389,2337.5
15.389,2343
15.514,2347.4
17.702,2253.9
16.077,2305.6
15.327,2306.7
15.202,2323.2
15.202,2317.7
15.202,2324.3
16.139,2302.3
15.077,2305.6
14.889,2291.3
14.827,2302.3
14.827,2299
14.889,2311.1
18.514,2389.2
14.139,2228.6
13.077,2773.1
12.889,2891.9
12.889,2888.6
12.889,2891.9
13.014,2909.5
15.014,2356.2
15.139,2313.3
14.889,2303.4
15.077,2312.2
15.202,2318.8
17.202,2324.3
14.889,2274.8
14.639,2281.4
14.639,2282.5
14.702,2289.1
14.639,2289.1
14.764,2305.6
17.202,2322.1
15.014,2266
14.389,2268.2
14.327,2278.1
14.389,2277
14.389,2277
15.577,2288
14.702,2285.8
14.577,2286.9
14.514,2285.8
14.577,2283.6
14.577,2286.9
17.014,2277
13.577,2223.1
12.952,2224.2
12.889,2224.2
12.827,2218.7
14.952,2201.1
13.577,2251.7
14.014,2281.4
14.077,2269.3
14.014,2281.4
14.014,2278.1
14.077,2282.5
14.639,2315.5
14.952,2305.6
15.202,2325.4
17.077,2337.5
14.827,2293.5
14.452,2286.9
14.452,2292.4
14.514,2304.5
14.577,2304.5
14.889,2328.7
16.952,2330.9
15.077,2311.1
14.827,2300.1
14.764,2301.2
14.827,2316.6
14.827,2306.7
15.202,2344.1
17.577,2318.8
15.264,2275.9
14.764,2279.2
14.827,2281.4
14.827,2279.2
14.827,2284.7
15.077,2312.2
16.327,2350.7
17.827,2333.1
15.327,2284.7
14.827,2292.4
14.827,2279.2
14.827,2270.4
14.827,2305.6
15.139,2304.5
16.577,2310
15.264,2278.1
15.014,2316.6
15.014,2307.8
15.014,2290.2
15.077,2295.7
17.139,2365
15.389,2329.8
15.014,2323.2
15.077,2329.8
15.077,2330.9
15.077,2334.2
15.389,2355.1
16.702,2329.8
15.389,2317.7
15.077,2308.9
15.139,2321
15.139,2323.2
15.139,2315.5
16.827,2326.5
15.452,2295.7
15.139,2291.3
15.139,2295.7
15.202,2293.5
15.202,2299
17.327,2316.6
15.577,2293.5
15.202,2286.9
15.139,2288
15.202,2303.4
15.202,2307.8
15.389,2322.1
16.827,2313.3
15.389,2306.7
15.077,2292.4
15.077,2304.5
15.139,2303.4
15.139,2312.2
17.202,2325.4
15.452,2285.8
14.952,2286.9
14.952,2284.7
14.952,2284.7
14.952,2295.7
17.202,2286.9
15.389,2291.3
14.639,2294.6
14.577,2295.7
14.514,2291.3
14.514,2296.8
16.264,2263.8
14.327,2256.1
13.952,2252.8
13.889,2260.5
13.889,2264.9
16.952,2341.9
14.327,2249.5
13.764,2252.8
13.764,2258.3
13.702,2255
16.764,2293.5
14.577,2269.3
13.764,2255
13.639,2257.2
13.639,2255
13.639,2262.7
17.139,2345.2
14.139,2247.3
13.452,2240.7
13.389,2249.5
13.389,2247.3
17.639,2302.3
13.827,2244
13.139,2230.8
13.077,2238.5
12.952,2235.2
16.452,2310
14.014,2235.2
13.389,2228.6
13.327,2239.6
13.327,2233
13.264,2242.9
13.452,2256.1
14.889,2315.5
17.077,2330.9
14.389,2271.5
13.889,2272.6
13.889,2273.7
13.889,2278.1
13.827,2278.1
14.264,2308.9
17.827,2200
15.577,2273.7
14.327,2271.5
14.139,2274.8
14.139,2273.7
14.139,2278.1
14.202,2282.5
15.139,2344.1
16.764,2314.4
14.764,2300.1
14.389,2295.7
14.327,2297.9
14.327,2310
14.389,2307.8
14.952,2348.5
16.264,2281.4
14.639,2266
14.389,2277
14.327,2279.2
14.327,2289.1
14.389,2301.2
15.202,2345.2
16.139,2365
18.264,2327.6
15.702,2282.5
14.577,2263.8
14.389,2272.6
14.389,2280.3
14.327,2273.7
14.452,2291.3
15.639,2349.6
16.202,2321
14.764,2311.1
14.514,2307.8
14.452,2302.3
14.452,2312.2
16.889,2176.9
15.327,2972.2
14.764,2973.3
14.702,2975.5
14.639,2976.6
14.639,2973.3
14.702,2972.2
15.514,2361.7
16.264,2359.5
16.452,2359.5
16.577,2371.6
16.702,2370.5
16.764,2369.4
19.014,2393.6
16.577,2329.8
15.889,2336.4
15.889,2350.7
15.952,2349.6
16.014,2360.6
16.077,2352.9
16.889,2404.6
17.139,2395.8
17.077,2391.4
18.202,2379.3
16.139,2347.4
15.764,2348.5
15.764,2358.4
15.827,2356.2
15.952,2365
16.264,2394.7
18.264,2389.2
16.389,2355.1
15.952,2354
15.952,2358.4
15.952,2362.8
15.952,2362.8
16.139,2377.1
17.139,2416.7
18.077,2366.1
16.077,2354
15.702,2348.5
15.702,2346.3
15.702,2347.4
15.702,2358.4
16.764,2326.5
16.702,2374.9
16.514,2382.6
16.452,2376
16.514,2382.6
16.452,2378.2
16.577,2392.5
17.077,2411.2
17.389,2423.3
17.452,2417.8
17.514,2418.9
19.764,2406.8
17.139,2367.2
16.327,2357.3
16.264,2361.7
16.327,2366.1
16.327,2376
16.389,2378.2
17.389,2415.6
19.577,1967.9
17.452,2344.1
16.389,2348.5
16.264,2357.3
16.202,2350.7
16.202,2349.6
17.639,2340.8
15.827,2321
15.702,2323.2
15.639,2327.6
15.702,2337.5
15.702,2334.2
18.327,2322.1
15.577,2286.9
14.452,2274.8
14.264,2277
14.202,2278.1
16.577,2263.8
13.702,2230.8
13.202,2229.7
13.139,2218.7
13.014,2223.1
16.389,2249.5
13.764,2226.4
13.327,2229.7
13.327,2222
13.327,2217.6
15.764,2196.7
13.702,2187.9
13.327,2185.7
13.327,2189
13.264,2186.8
13.327,2198.9
14.139,2231.9
15.389,2249.5
15.264,2238.5
15.202,2248.4
15.202,2266
15.202,2264.9
15.264,2274.8
17.139,2264.9
15.577,2988.7
15.389,2998.6
15.452,3007.4
15.514,3004.1
15.514,3006.3
15.577,2324.3
16.264,2354
16.702,2359.5
16.889,2352.9
18.639,2327.6
16.827,3014
16.514,3029.4
16.389,3019.5
16.452,3030.5
16.514,3031.6
16.702,2398
17.264,2396.9
17.577,2391.4
17.702,2407.9
17.764,2396.9
17.889,2405.7
17.952,2411.2
18.764,2374.9
17.014,2352.9
16.827,2348.5
16.827,2352.9
16.889,2367.2
16.889,2365
17.202,2384.8
17.889,2413.4
17.827,2391.4
17.764,2398
17.827,2407.9
19.952,2389.2
17.389,2345.2
16.577,2348.5
16.639,2356.2
16.639,2358.4
16.639,2359.5
16.639,2357.3
17.577,2422.2
17.764,2394.7
17.702,2402.4
18.889,2369.4
16.764,2352.9
16.389,2341.9
16.389,2357.3
16.452,2346.3
16.577,2351.8
16.827,2380.4
17.764,2406.8
18.577,2355.1
16.327,2334.2
15.952,2337.5
15.889,2327.6
15.952,2339.7
16.014,2348.5
16.889,2303.4
15.827,2299
15.577,2295.7
15.577,2303.4
15.577,2304.5
15.577,2312.2
18.264,2266
15.889,2288
14.952,2277
14.764,2289.1
14.702,2292.4
14.702,2288
14.764,2299
17.702,2301.2
14.764,2282.5
14.202,2272.6
14.139,2282.5
14.139,2273.7
16.952,2323.2
14.764,2275.9
14.077,2263.8
13.952,2268.2
13.889,2270.4
13.889,2275.9
16.014,2223.1
14.077,2260.5
13.702,2257.2
13.639,2259.4
13.577,2260.5
17.952,2360.6
14.452,2270.4
13.577,2261.6
13.452,2261.6
13.389,2262.7
18.389,2350.7
14.202,2950.2
13.327,2943.6
13.264,2944.7
13.202,2931.5
13.202,2934.8
13.577,2960.1
15.452,3036
15.639,2354
15.577,2332
15.639,2327.6
15.702,2339.7
15.702,2341.9
15.889,2352.9
18.077,2324.3
15.952,2299
15.327,2308.9
15.327,2306.7
15.327,2317.7
15.327,2313.3
15.389,2329.8
16.327,2370.5
16.577,2369.4
16.514,2365
16.514,2367.2
18.577,2358.4
14.577,2239.6
13.639,2231.9
13.514,2230.8
13.452,2234.1
13.452,2233
13.702,2251.7
15.577,2325.4
15.577,2312.2
15.389,2302.3
15.389,2306.7
15.389,2308.9
15.389,2308.9
15.514,2322.1
16.077,2346.3
16.327,2344.1
16.452,2351.8
16.452,2355.1
16.139,2266
14.514,2261.6
14.264,2258.3
14.202,2269.3
14.202,2262.7
14.264,2268.2
15.452,2336.4
16.202,2337.5
15.952,2337.5
15.952,2330.9
15.952,2336.4
18.389,2347.4
15.264,2281.4
14.077,2273.7
13.889,2268.2
13.889,2275.9
13.827,2278.1
13.952,2285.8
15.514,2362.8
15.889,2349.6
15.702,2341.9
15.639,2347.4
17.702,2363.9
15.577,2330.9
15.077,2332
15.264,2349.6
15.452,2350.7
15.514,2344.1
15.639,2354
16.514,2401.3
16.577,2393.6
16.514,2388.1
16.577,2409
16.702,2405.7
16.764,2405.7
16.889,2426.6
17.202,2428.8
18.327,2402.4
16.139,2357.3
15.764,2370.5
15.827,2363.9
15.827,2356.2
15.827,2371.6
16.264,2395.8
17.202,2414.5
18.577,2394.7
16.139,2341.9
15.639,2332
15.577,2352.9
15.639,2344.1
15.639,2350.7
16.014,2373.8
17.639,2363.9
16.014,2354
15.702,2339.7
15.702,2352.9
15.764,2368.3
15.702,2361.7
16.202,2389.2
19.077,2357.3
16.077,2306.7
15.202,2291.3
15.139,2308.9
15.139,2316.6
15.139,2311.1
17.327,2374.9
15.202,2303.4
14.764,2305.6
14.639,2311.1
14.639,2303.4
14.639,2299
17.264,2297.9
14.639,2259.4
14.139,2262.7
14.077,2268.2
14.077,2270.4
16.389,2281.4
14.264,2270.4
13.889,2269.3
13.827,2267.1
13.827,2272.6
16.702,2275.9
14.139,2251.7
13.702,2272.6
13.639,2269.3
18.452,2357.3
14.952,2273.7
13.514,2267.1
13.202,2269.3
13.202,2259.4
13.139,2258.3
16.639,2330.9
13.889,2272.6
13.514,2270.4
13.514,2262.7
13.452,2267.1
13.452,2274.8
13.952,2308.9
15.327,2348.5
16.139,2283.6
14.327,2266
14.014,2267.1
13.952,2274.8
13.952,2277
14.014,2279.2
14.827,2330.9
18.077,2340.8
15.327,2291.3
14.452,2293.5
14.327,2296.8
14.327,2300.1
14.327,2297.9
14.452,2318.8
16.389,2326.5
14.952,2317.7
14.702,2306.7
14.702,2315.5
14.639,2310
14.702,2322.1
15.514,2362.8
16.827,2317.7
15.202,2317.7
14.889,2318.8
14.889,2329.8
14.889,2325.4
14.952,2329.8
15.514,2357.3
18.139,2215.4
16.264,2328.7
15.202,2319.9
15.077,2325.4
15.077,2326.5
15.077,2322.1
15.139,2333.1
16.014,2389.2
16.702,2319.9
15.389,2314.4
15.139,2326.5
15.139,2325.4
15.139,2321
15.202,2324.3
15.952,2373.8
18.827,2387
16.014,2324.3
15.202,2319.9
15.202,2336.4
15.202,2344.1
15.139,2330.9
15.264,2349.6
16.577,2409
16.764,2308.9
15.389,2307.8
15.139,2319.9
15.139,2321
15.077,2315.5
15.202,2330.9
16.202,2388.1
18.827,2382.6
16.014,2317.7
15.264,2318.8
15.202,2326.5
15.139,2326.5
15.202,2330.9
17.327,2340.8
15.889,2334.2
15.327,2323.2
15.264,2332
15.264,2333.1
15.264,2332
15.389,2341.9
16.577,3029.4
15.764,3012.9
15.577,3026.1
15.577,3021.7
15.577,3021.7
15.639,3020.6
16.202,2390.3
17.014,2392.5
17.264,2405.7
17.389,2402.4
17.452,2411.2
19.264,2403.5
17.452,3078.9
16.952,3073.4
17.077,3078.9
17.202,3092.1
17.264,3084.4
17.327,3091
17.889,3122.9
18.139,2479.4
18.264,2467.3
18.452,2476.1
18.577,2480.5
19.389,2439.8
17.889,2442
17.702,2434.3
17.702,2436.5
17.702,2440.9
17.702,2442
17.889,2457.4
18.577,2482.7
18.514,2477.2
18.514,2480.5
18.514,2478.3
18.577,2484.9
18.577,2486
18.702,2497
20.077,2438.7
18.014,2422.2
17.577,2424.4
17.639,2424.4
17.702,2425.5
17.639,2436.5
17.827,2448.6
18.702,2479.4
18.639,2462.9
18.577,2472.8
18.577,2471.7
18.639,2473.9
20.389,2412.3
18.139,2406.8
17.639,2417.8
17.702,2417.8
17.702,2418.9
17.702,2424.4
17.764,2433.2
18.639,2471.7
18.639,2466.2
18.577,2470.6
18.639,2466.2
20.452,2432.1
17.827,2404.6
17.264,2393.6
17.264,2383.7
17.327,2396.9
17.327,2390.3
17.452,2415.6
18.514,2454.1
18.327,2363.9
17.014,2360.6
16.827,2360.6
16.827,2360.6
16.827,2370.5
16.889,2370.5
17.764,2423.3
17.764,2355.1
16.389,2355.1
16.202,2358.4
16.202,2361.7
16.139,2361.7
16.202,2368.3
16.702,2323.2
15.389,2308.9
15.202,2308.9
15.139,2327.6
15.077,2326.5
15.139,2334.2
17.202,2305.6
15.202,2284.7
14.827,2291.3
14.764,2289.1
14.702,2289.1
16.077,2301.2
14.639,2293.5
14.389,2296.8
14.327,2295.7
14.327,2303.4
17.202,2324.3
15.139,2290.2
14.202,2286.9
14.077,2285.8
14.014,2291.3
14.014,2284.7
15.952,2268.2
13.827,2249.5
13.389,2245.1
13.327,2239.6
13.264,2237.4
16.889,2357.3
14.077,2290.2
13.702,2277
13.702,2284.7
13.639,2290.2
13.639,2302.3
14.139,2316.6
15.514,2368.3
17.952,2402.4
14.952,2299
14.264,2301.2
14.202,2300.1
14.202,2307.8
14.202,2321
14.514,2332
18.014,2383.7
15.202,2307.8
14.577,2301.2
14.577,2316.6
14.577,2317.7
14.577,2323.2
14.827,2346.3
18.452,2311.1
15.952,2337.5
14.889,2323.2
14.764,2316.6
14.764,2326.5
14.764,2340.8
14.827,2340.8
15.952,2404.6
18.577,2379.3
16.077,2329.8
15.077,2332
14.952,2343
14.952,2347.4
14.952,2347.4
15.014,2362.8
16.202,2417.8
18.452,2393.6
15.764,2324.3
15.139,2322.1
15.139,2329.8
15.139,2337.5
15.077,2332
15.327,2352.9
16.639,2404.6
18.577,2402.4
15.764,2319.9
15.139,2323.2
15.139,2316.6
15.077,2324.3
15.139,2321
15.389,2350.7
16.764,2396.9
18.514,2391.4
15.702,2326.5
15.139,2325.4
15.014,2328.7
15.077,2340.8
15.077,2332
15.514,2365
16.764,2401.3
18.577,2380.4
15.889,3022.8
15.264,3022.8
15.202,3019.5
15.264,3021.7
15.264,3025
15.514,3047
16.827,2420
17.077,2391.4
17.139,2398
17.264,2407.9
17.327,2402.4
17.327,2406.8
17.577,2374.9
16.702,2369.4
16.577,2380.4
16.639,2388.1
16.639,2376
16.702,2388.1
17.327,2429.9
17.764,2431
17.639,2437.6
17.702,2425.5
17.764,2431
19.327,2344.1
17.764,2378.2
17.389,2401.3
17.514,2403.5
17.577,2413.4
17.639,2415.6
17.702,2417.8
18.202,2445.3
18.327,2440.9
18.327,2457.4
18.389,2449.7
18.452,2457.4
18.514,2453
18.577,2461.8
18.764,2480.5
18.827,2468.4
18.889,2472.8
18.952,2492.6
19.014,2481.6
19.014,2495.9
19.139,2489.3
19.202,2490.4
19.264,2508
19.327,2505.8
19.389,2514.6
21.077,2467.3
18.702,2464
18.202,2455.2
18.202,2456.3
18.202,2467.3
18.202,2464
18.264,2477.2
19.139,2497
19.077,2484.9
20.577,2432.1
18.389,2423.3
17.952,2432.1
17.952,2445.3
17.952,2445.3
18.077,2442
18.202,2467.3
19.014,2497
18.952,2491.5
18.889,2476.1
18.952,2480.5
18.952,2489.3
20.452,2481.6
18.014,2443.1
17.639,2450.8
17.702,2456.3
17.702,2457.4
17.702,2455.2
17.952,2475
18.827,2491.5
18.702,2471.7
19.764,2433.2
17.827,2411.2
17.452,2405.7
17.452,2410.1
17.452,2407.9
17.577,2412.3
17.952,2440.9
18.702,2462.9
20.827,2433.2
17.639,2370.5
16.827,2372.7
16.764,2382.6
16.702,2389.2
16.702,2382.6
16.952,2400.2
18.202,2455.2
17.764,2347.4
16.639,2345.2
16.452,2354
16.389,2355.1
16.389,2350.7
16.452,2367.2
18.702,2366.1
16.014,2322.1
15.514,2321
15.389,2325.4
15.389,2330.9
15.389,2347.4
15.952,2380.4
17.577,2359.5
15.764,2343
15.389,2333.1
15.327,2340.8
15.327,2336.4
15.389,2337.5
17.202,2343
15.202,2325.4
14.827,2335.3
14.702,2325.4
14.702,2333.1
16.577,2299
14.889,2289.1
14.577,2281.4
14.514,2291.3
14.514,2291.3
15.889,2303.4
14.639,2286.9
14.452,2284.7
14.389,2290.2
14.389,2292.4
17.577,2343
14.827,2255
14.264,2261.6
14.202,2266
14.202,2257.2
18.702,2352.9
15.139,2278.1
13.764,2262.7
13.514,2253.9
13.514,2267.1
13.452,2266
16.139,2273.7
14.077,2250.6
13.764,2251.7
13.764,2246.2
13.764,2253.9
13.764,2253.9
14.452,2312.2
15.702,2330.9
16.077,2290.2
14.577,2277
14.327,2274.8
14.264,2278.1
14.264,2278.1
14.327,2292.4
15.327,2352.9
18.389,1963.5
16.327,2299
14.889,2288
14.702,2291.3
14.702,2290.2
14.639,2295.7
14.702,2299
17.952,2344.1
15.764,2303.4
15.014,2291.3
14.952,2301.2
14.952,2312.2
14.889,2313.3
15.014,2328.7
16.952,2337.5
15.389,2333.1
15.202,2313.3
15.139,2322.1
15.139,2318.8
15.202,2323.2
15.952,2377.1
18.764,2340.8
16.452,2336.4
15.452,2343
15.327,2335.3
15.327,2349.6
15.264,2345.2
15.389,2357.3
16.452,2404.6
18.014,2361.7
15.889,2315.5
15.514,2316.6
15.452,2304.5
15.514,2315.5
15.452,2316.6
15.952,2350.7
17.202,2315.5
15.764,2308.9
15.577,2326.5
15.514,2315.5
15.514,2327.6
15.577,2317.7
16.389,2382.6
17.327,2345.2
15.827,2337.5
15.639,2334.2
15.577,2345.2
15.577,2329.8
15.639,2355.1
16.514,2412.3
17.202,2407.9
17.327,2366.1
15.764,2350.7
15.514,2347.4
15.514,2339.7
15.452,2327.6
15.577,2338.6
16.514,2402.4
17.264,2399.1
18.577,2362.8
16.077,2324.3
15.639,2313.3
15.577,2318.8
15.577,2325.4
15.639,2329.8
17.639,2361.7
16.014,2324.3
15.702,2322.1
15.639,2324.3
15.639,2326.5
15.639,2347.4
17.077,2275.9
16.702,3058
16.577,3070.1
16.577,3063.5
16.577,3060.2
16.639,3059.1
16.702,3063.5
17.202,3087.7
17.702,3111.9
18.014,3116.3
18.139,3119.6
18.264,3119.6
18.327,2468.4
18.389,2453
18.577,2464
18.827,2483.8
19.014,2481.6
19.202,2492.6
19.264,2493.7
19.077,2489.3
19.077,2480.5
20.952,2406.8
18.702,2434.3
18.077,2435.4
18.077,2442
18.139,2448.6
18.077,2451.9
18.077,2449.7
18.827,2494.8
18.952,2475
18.889,2481.6
18.889,2481.6
18.952,2484.9
18.952,2490.4
19.014,2493.7
19.264,2506.9
19.389,2505.8
19.389,2510.2
21.014,2456.3
18.702,2448.6
18.202,2443.1
18.202,2449.7
18.202,2458.5
18.264,2451.9
18.327,2471.7
19.202,2508
19.139,2497
19.077,2493.7
19.077,2502.5
19.139,2506.9
19.139,2504.7
19.389,2446.4
18.327,2438.7
18.139,2440.9
18.139,2447.5
18.139,2446.4
18.202,2449.7
18.702,2494.8
19.139,2486
19.077,2486
19.077,2483.8
19.077,2491.5
18.889,2401.3
17.764,2394.7
17.702,2398
17.764,2404.6
17.764,2406.8
17.764,2414.5
18.639,2467.3
18.952,2462.9
20.264,2404.6
17.827,2360.6
17.389,2379.3
17.327,2363.9
17.389,2387
17.389,2390.3
17.764,2403.5
18.764,2437.6
21.139,2409
17.764,2347.4
16.764,2358.4
16.639,2357.3
16.639,2359.5
16.639,2368.3
17.077,2327.6
15.952,2318.8
15.702,2316.6
15.702,2319.9
15.702,2328.7
15.764,2333.1
18.264,2394.7
15.889,2307.8
15.327,2306.7
15.264,2324.3
15.264,2328.7
18.202,6990.5
16.452,2297.9
14.952,2284.7
14.702,2272.6
14.639,2286.9
14.639,2286.9
18.077,2365
14.889,2275.9
14.264,2278.1
14.139,2278.1
14.139,2273.7
17.952,2340.8
15.077,2260.5
14.077,2255
13.889,2247.3
13.889,2248.4
13.889,2262.7
16.827,2129.6
15.452,2289.1
14.202,2272.6
14.014,2280.3
13.952,2292.4
13.952,2295.7
16.389,2278.1
14.327,2267.1
14.014,2264.9
13.952,2264.9
13.952,2274.8
17.327,2373.8
14.514,2279.2
14.014,2278.1
13.952,2272.6
13.952,2272.6
16.639,2286.9
14.889,2267.1
14.264,2263.8
14.202,2279.2
14.139,2284.7
14.139,2283.6
14.264,2294.6
15.452,2350.7
16.764,2301.2
14.827,2283.6
14.514,2288
14.452,2289.1
14.452,2288
14.452,2291.3
15.077,2337.5
17.952,2368.3
15.264,2305.6
14.764,2295.7
14.764,2310
14.764,2303.4
14.702,2313.3
15.077,2328.7
18.327,2330.9
15.889,2303.4
15.077,2293.5
14.952,2307.8
14.952,2305.6
14.952,2313.3
15.014,2314.4
16.264,2376
18.452,2360.6
16.139,2317.7
15.264,2317.7
15.202,2335.3
15.139,2323.2
15.202,2334.2
15.202,2343
16.389,2401.3
18.639,2295.7
16.452,2324.3
15.452,2314.4
15.389,2332
15.327,2329.8
15.327,2333.1
15.389,2337.5
16.452,2401.3
18.577,2348.5
16.327,2325.4
15.702,2329.8
15.639,2343
15.639,2343
15.639,2349.6
15.702,2359.5
19.139,2401.3
15.639,2301.2
14.702,2289.1
14.577,2282.5
14.514,2284.7
14.514,2297.9
14.639,2314.4
16.264,2383.7
17.639,2355.1
15.452,2329.8
15.014,2316.6
14.952,2323.2
14.952,2308.9
15.014,2321
15.639,2368.3
17.952,2333.1
14.952,2291.3
14.389,2299
14.327,2288
14.327,2296.8
17.077,2264.9
15.389,2260.5
14.389,2263.8
14.264,2271.5
14.264,2274.8
14.202,2269.3
14.327,2284.7
15.639,2339.7
16.139,2348.5
16.014,2336.4
16.014,2333.1
16.077,2332
16.077,2317.7
16.139,2333.1
16.639,2396.9
16.952,2401.3
17.014,2396.9
17.452,2362.8
16.264,2346.3
16.139,3028.3
16.202,3043.7
16.264,3042.6
16.327,3044.8
16.952,3092.1
17.514,3086.6
17.389,3086.6
17.577,2451.9
17.827,2442
17.889,2438.7
18.014,2443.1
18.202,2402.4
17.389,2395.8
17.202,2406.8
17.139,2402.4
17.202,2406.8
17.202,2410.1
17.827,2439.8
18.202,2451.9
18.139,2444.2
17.952,2395.8
16.889,2385.9
16.764,2398
16.764,2405.7
16.827,2388.1
16.889,2401.3
17.827,2448.6
18.077,2446.4
20.264,2425.5
17.327,2385.9
16.577,2378.2
16.514,2374.9
16.514,2374.9
16.514,2377.1
16.702,2398
19.264,2383.7
17.077,2357.3
16.514,2355.1
16.577,2361.7
16.577,2362.8
16.577,2362.8
16.827,2387
20.452,2388.1
17.202,2346.3
16.202,2346.3
16.014,2345.2
16.014,2360.6
16.014,2366.1
16.139,2376
17.389,2433.2
18.952,2346.3
16.077,2316.6
15.577,2313.3
15.452,2316.6
15.452,2318.8
15.452,2319.9
18.577,2355.1
15.452,2288
14.889,2289.1
14.764,2296.8
14.764,2297.9
17.264,2168.1
15.889,2291.3
14.639,2285.8
14.452,2280.3
14.389,2284.7
14.452,2282.5
16.639,2288
14.639,2277
14.327,2274.8
14.264,2277
14.264,2279.2
17.514,2365
14.764,2277
14.202,2269.3
14.202,2275.9
14.139,2272.6
19.327,2448.6
14.764,2302.3
13.702,2281.4
13.514,2283.6
13.452,2273.7
16.077,2183.5
14.827,2978.8
14.202,2982.1
14.139,2976.6
14.077,2970
14.077,2296.8
14.139,2290.2
15.077,2335.3
15.827,2349.6
16.077,2360.6
16.202,2365
16.264,2372.7
18.514,2363.9
15.827,2305.6
15.264,2319.9
15.327,2326.5
15.452,2334.2
15.452,2336.4
15.577,2357.3
18.827,2294.6
16.514,2302.3
15.577,2305.6
15.514,2312.2
15.514,2312.2
15.514,2318.8
15.577,2316.6
16.514,2365
19.264,2302.3
16.702,2343
15.514,2337.5
15.389,2338.6
15.327,2336.4
15.327,2337.5
15.389,2355.1
17.889,2349.6
16.202,2345.2
15.514,2330.9
15.514,2344.1
15.514,2345.2
15.514,2352.9
15.577,2360.6
17.889,2372.7
16.077,2322.1
15.577,2324.3
15.577,2333.1
15.577,2334.2
15.577,2334.2
15.764,2347.4
17.639,2354
15.952,2323.2
15.577,2319.9
15.639,2324.3
15.639,2324.3
15.639,2339.7
17.577,2355.1
15.952,2321
15.577,2316.6
15.577,2333.1
15.577,2330.9
15.639,2334.2
17.514,2324.3
15.577,2300.1
15.202,2295.7
15.202,2291.3
15.202,2301.2
15.202,2304.5
16.952,2329.8
16.014,2300.1
15.702,2295.7
15.764,2343
15.764,2334.2
15.764,2339.7
16.077,2363.9
16.827,2389.2
17.014,2382.6
17.077,2390.3
17.077,2395.8
18.452,2347.4
16.327,2329.8
15.952,2330.9
16.014,2325.4
16.014,2330.9
16.077,2330.9
17.577,2334.2
16.014,2313.3
15.702,2313.3
15.702,2315.5
15.702,2315.5
15.702,2315.5
17.702,2291.3
16.202,2295.7
15.702,2289.1
15.639,2310
15.702,2310
15.702,2314.4
15.764,2321
18.139,2329.8
15.264,2280.3
14.764,2272.6
14.702,2275.9
14.702,2282.5
18.577,2328.7
14.202,2246.2
13.452,2224.2
13.389,2238.5
13.264,2236.3
16.077,2062.5
14.639,2234.1
14.139,2239.6
14.077,2231.9
14.077,2242.9
14.014,2213.2
14.139,2207.7
14.827,2258.3
15.514,2272.6
15.639,2266
15.702,2275.9
15.764,2279.2
15.764,2294.6
15.827,2308.9
16.139,2316.6
16.452,2329.8
16.577,2335.3
16.639,2336.4
16.764,2347.4
16.764,2339.7
16.889,2345.2
17.014,2345.2
17.139,2365
17.264,2365
19.889,2358.4
16.577,2304.5
15.514,2303.4
15.389,2311.1
15.389,2312.2
15.327,2312.2
15.952,2315.5
15.952,2326.5
15.889,2318.8
15.827,2321
15.827,2334.2
15.889,2329.8
16.327,2363.9
16.764,2363.9
16.952,2374.9
17.014,2381.5
17.077,2382.6
17.139,2385.9
18.827,2368.3
16.514,2337.5
16.077,2329.8
16.139,2344.1
16.202,2340.8
16.139,2344.1
16.327,2358.4
18.389,2344.1
16.202,2317.7
15.827,2322.1
15.764,2318.8
15.764,2324.3
15.764,2328.7
16.702,2290.2
15.264,2281.4
15.077,2284.7
15.014,2285.8
15.014,2294.6
16.452,2294.6
14.764,2293.5
14.452,2281.4
14.389,2293.5
14.389,2286.9
15.827,2242.9
13.514,2220.9
13.014,2218.7
12.952,2212.1
12.889,2217.6
16.452,2231.9
14.452,2239.6
13.514,2249.5
13.327,2238.5
13.327,2242.9
13.264,2245.1
13.327,2262.7
14.452,2312.2
17.827,2330.9
14.952,2292.4
14.014,2272.6
13.889,2280.3
13.827,2286.9
13.827,2288
13.952,2308.9
15.327,2358.4
17.827,2340.8
15.014,2274.8
14.264,2271.5
14.202,2268.2
14.202,2282.5
14.202,2277
17.577,2368.3
15.077,2314.4
14.389,2295.7
14.389,2299
14.389,2297.9
14.327,2306.7
14.577,2315.5
15.827,2372.7
16.452,2291.3
14.702,2267.1
14.389,2266
14.389,2271.5
14.327,2263.8
14.389,2279.2
16.702,2293.5
14.827,2266
14.389,2270.4
14.389,2283.6
14.389,2277
14.389,2273.7
14.889,2314.4
17.889,2365
15.139,2283.6
14.514,2277
14.514,2277
14.452,2290.2
14.452,2288
15.702,2290.2
14.764,2291.3
14.577,2285.8
14.514,2286.9
14.514,2291.3
17.202,2291.3
15.077,2258.3
14.639,2261.6
14.577,2270.4
14.577,2278.1
14.577,2268.2
14.639,2290.2
15.764,2336.4
16.077,2337.5
16.077,2337.5
16.139,2347.4
16.202,2351.8
16.202,2344.1
16.327,2355.1
16.702,2371.6
16.889,2384.8
19.077,2377.1
16.389,2967.8
15.764,3021.7
15.702,3017.3
15.764,3026.1
15.764,3023.9
15.889,3039.3
16.952,3087.7
17.202,2498.1
17.327,2401.3
17.452,2404.6
17.577,2411.2
17.639,2405.7
17.702,2415.6
19.077,2388.1
17.327,2384.8
16.889,2359.5
16.952,2371.6
16.952,2382.6
16.952,2383.7
17.077,2404.6
17.952,2435.4
17.889,2427.7
17.889,2423.3
17.952,2426.6
19.577,2383.7
17.327,2371.6
17.014,2373.8
17.014,2377.1
17.014,2384.8
17.014,2377.1
17.139,2392.5
18.014,2437.6
19.952,2367.2
17.577,2372.7
16.889,2379.3
16.827,2384.8
16.827,2383.7
16.827,2393.6
16.952,2402.4
17.827,2444.2
17.952,2433.2
19.014,2388.1
16.764,2352.9
16.389,2341.9
16.327,2340.8
16.327,2352.9
16.389,2365
16.827,2390.3
17.764,2338.6
16.452,2322.1
16.202,2330.9
16.139,2325.4
16.139,2336.4
16.202,2343